asset,klasse,regel,parameter,richtung,t_entdeckung,alpha_pa_entdeckung,t_bestaetigung,alpha_pa_bestaetigung,p_entdeckung,stufe1,p_bestaetigung,bestanden
SPY,ETF,sma_trend,10,long,1.367,0.03836,-2.074,-0.04002,0.08581265275505767,False,0.9809603445700383,False
SPY,ETF,sma_trend,10,long/short,1.367,0.07672,-2.05,-0.07908,0.08581265275505767,False,0.9798177845942956,False
SPY,ETF,sma_trend,20,long,1.786,0.04933,-0.837,-0.01591,0.037049629068190315,False,0.7987037159806499,False
SPY,ETF,sma_trend,20,long/short,1.786,0.09867,-0.829,-0.03148,0.037049629068190315,False,0.7964477963863472,False
SPY,ETF,sma_trend,50,long,1.417,0.03933,-0.042,-0.00079,0.07824146373654295,False,0.5167506509407646,False
SPY,ETF,sma_trend,50,long/short,1.417,0.07866,-0.02,-0.00074,0.07824146373654295,False,0.507978313716902,False
SPY,ETF,sma_trend,100,long,1.732,0.04918,0.778,0.01486,0.04163678122012171,False,0.21828450660712373,False
SPY,ETF,sma_trend,100,long/short,1.732,0.09837,0.797,0.03043,0.04163678122012171,False,0.21272551566012465,False
SPY,ETF,sma_trend,200,long,1.792,0.05178,1.645,0.03193,0.03656648300520304,False,0.04998490553912127,False
SPY,ETF,sma_trend,200,long/short,1.792,0.10357,1.711,0.06626,0.03656648300520304,False,0.04354055641354382,False
SPY,ETF,sma_cross,"(5, 20)",long,2.643,0.0739,-1.088,-0.02071,0.004108751764369645,False,0.8617024462329783,False
SPY,ETF,sma_cross,"(5, 20)",long/short,2.643,0.14781,-1.08,-0.04109,0.004108751764369645,False,0.8599289099112309,False
SPY,ETF,sma_cross,"(10, 50)",long,1.429,0.04045,0.898,0.01731,0.07650211671801599,False,0.1845927747322489,False
SPY,ETF,sma_cross,"(10, 50)",long/short,1.429,0.08089,0.921,0.03546,0.07650211671801599,False,0.1785252135114881,False
SPY,ETF,sma_cross,"(20, 100)",long,0.8,0.02335,1.011,0.01967,0.21185539858339675,False,0.15600821489600847,False
SPY,ETF,sma_cross,"(20, 100)",long/short,0.8,0.0467,1.031,0.04004,0.21185539858339675,False,0.15127040989963325,False
SPY,ETF,sma_cross,"(50, 200)",long,-0.366,-0.00983,2.648,0.05223,0.6428174622141614,False,0.004048476260604561,False
SPY,ETF,sma_cross,"(50, 200)",long/short,-0.366,-0.01966,2.719,0.10685,0.6428174622141614,False,0.0032739804049867205,False
SPY,ETF,tsmom,20,long,2.265,0.06296,0.275,0.00515,0.011756339757849954,False,0.39165811915360516,False
SPY,ETF,tsmom,20,long/short,2.265,0.12593,0.281,0.01052,0.011756339757849954,False,0.389355199915839,False
SPY,ETF,tsmom,60,long,1.792,0.05093,1.947,0.0372,0.03656648300520304,False,0.025767367335268743,False
SPY,ETF,tsmom,60,long/short,1.792,0.10186,1.944,0.07419,0.03656648300520304,False,0.02594772554975977,False
SPY,ETF,tsmom,120,long,0.706,0.02046,1.956,0.03797,0.2400940687257831,False,0.02523257705195525,False
SPY,ETF,tsmom,120,long/short,0.706,0.04091,1.973,0.07644,0.2400940687257831,False,0.024247781169000948,False
SPY,ETF,tsmom,250,long,0.33,0.00958,2.314,0.0457,0.37069998105934654,False,0.010333861069991679,False
SPY,ETF,tsmom,250,long/short,0.33,0.01917,2.412,0.09477,0.37069998105934654,False,0.007932640763768983,False
SPY,ETF,donchian,20,long,2.408,0.06083,0.307,0.00517,0.0080200905111113,False,0.3794216861102565,False
SPY,ETF,donchian,20,long/short,1.978,0.0976,-0.48,-0.01565,0.02396435332939606,False,0.6843863034837774,False
SPY,ETF,donchian,55,long,0.831,0.02106,-0.453,-0.00797,0.20298681467885904,False,0.6747256292400579,False
SPY,ETF,donchian,55,long/short,1.523,0.07453,0.119,0.00402,0.06387935271322187,False,0.4526376778909539,False
SPY,ETF,donchian,100,long,1.606,0.04253,1.094,0.01983,0.05413695497803084,False,0.13697748910544294,False
SPY,ETF,donchian,100,long/short,1.305,0.0659,1.407,0.04866,0.09594642389398766,False,0.07971369438764253,False
SPY,ETF,rsi2,10,long,1.416,0.03644,2.498,0.04435,0.07838775223118621,False,0.006244809691058784,False
SPY,ETF,rsi2,10,long/short,1.021,0.03565,2.34,0.05666,0.15362721935639456,False,0.009641869945358317,False
SPY,ETF,rsi2,30,long,0.076,0.00221,1.705,0.03369,0.4697095490997434,False,0.044097212210927106,False
SPY,ETF,rsi2,30,long/short,0.032,0.00164,1.628,0.05604,0.4872360254493119,False,0.05176244288515286,False
SPY,ETF,rsi14,30,long,-0.979,-0.0279,0.085,0.00143,0.8362100102467397,False,0.46613069535537077,False
SPY,ETF,rsi14,30,long/short,-1.097,-0.04062,0.104,0.00224,0.863679303949822,False,0.45858467428564387,False
SPY,ETF,bollinger,1.5,long,-1.651,-0.04774,0.35,0.00692,0.9506307125517136,False,0.363169348824381,False
SPY,ETF,bollinger,1.5,long/short,-1.969,-0.09459,0.028,0.00087,0.9755234544591077,False,0.48883107557395056,False
SPY,ETF,bollinger,2.0,long,-0.935,-0.0273,0.501,0.00975,0.8251058502867781,False,0.30818556145954223,False
SPY,ETF,bollinger,2.0,long/short,-0.787,-0.03203,0.56,0.01508,0.7843590669201281,False,0.28773971884902705,False
SPY,ETF,bollinger,2.5,long,-0.958,-0.02742,-0.069,-0.00118,0.8309686207204711,False,0.5275051902495521,False
SPY,ETF,bollinger,2.5,long/short,-1.141,-0.03482,-0.108,-0.00211,0.8730650385022268,False,0.5430021538947166,False
SPY,ETF,weekday,0,long,-0.478,-0.0113,-0.768,-0.01283,0.6836748974806768,False,0.7787564075527982,False
SPY,ETF,weekday,1,long,0.012,0.00027,0.34,0.0055,0.49521280752807784,False,0.36692826396397193,False
SPY,ETF,weekday,2,long,0.112,0.00268,-0.389,-0.006,0.4554117032857343,False,0.6513619268072384,False
SPY,ETF,weekday,3,long,-1.39,-0.03302,-1.316,-0.0207,0.917735561322331,False,0.9059129786653994,False
SPY,ETF,weekday,4,long,-0.388,-0.00902,-1.104,-0.01636,0.6509919831984289,False,0.8652034311551487,False
SPY,ETF,overnight,-,long,-0.857,-0.02424,1.272,0.02278,0.804277557688893,False,0.10168655963466955,False
SPY,ETF,turn_of_month,-,long,-0.154,-0.00343,1.219,0.01866,0.5611951322074614,False,0.11142209624266686,False
QQQ,ETF,sma_trend,10,long,0.59,0.02079,-1.808,-0.06351,0.27759532475346493,False,0.9646967497094742,False
QQQ,ETF,sma_trend,10,long/short,0.59,0.04157,-1.85,-0.12985,0.27759532475346493,False,0.9678432252043863,False
QQQ,ETF,sma_trend,20,long,1.826,0.06383,0.074,0.00253,0.03392513092107252,False,0.470505192631097,False
QQQ,ETF,sma_trend,20,long/short,1.826,0.12767,0.134,0.00916,0.03392513092107252,False,0.44670128721754654,False
QQQ,ETF,sma_trend,50,long,1.556,0.05497,1.175,0.04023,0.059854046183784204,False,0.11999735789901256,False
QQQ,ETF,sma_trend,50,long/short,1.556,0.10993,1.229,0.08384,0.059854046183784204,False,0.109535903009636,False
QQQ,ETF,sma_trend,100,long,0.617,0.02224,0.897,0.03005,0.26861736286083937,False,0.18485945851244434,False
QQQ,ETF,sma_trend,100,long/short,0.617,0.04447,0.97,0.06464,0.26861736286083937,False,0.16602324606352958,False
QQQ,ETF,sma_trend,200,long,1.475,0.05337,0.375,0.01269,0.07010627171122308,False,0.35383023332727626,False
QQQ,ETF,sma_trend,200,long/short,1.475,0.10674,0.836,0.05591,0.07010627171122308,False,0.2015774515280977,False
QQQ,ETF,sma_cross,"(5, 20)",long,1.675,0.05908,-0.012,-0.0004,0.046967115830745865,False,0.504787192471922,False
QQQ,ETF,sma_cross,"(5, 20)",long/short,1.675,0.11817,0.048,0.00331,0.046967115830745865,False,0.48085812130423855,False
QQQ,ETF,sma_cross,"(10, 50)",long,0.824,0.02941,0.515,0.01777,0.2049697789805982,False,0.3032765100021396,False
QQQ,ETF,sma_cross,"(10, 50)",long/short,0.824,0.05881,0.566,0.03893,0.2049697789805982,False,0.28569689025844003,False
QQQ,ETF,sma_cross,"(20, 100)",long,0.575,0.02057,1.32,0.04555,0.28264564849720064,False,0.0934175089934719,False
QQQ,ETF,sma_cross,"(20, 100)",long/short,0.575,0.04113,1.396,0.09564,0.28264564849720064,False,0.08135724757480689,False
QQQ,ETF,sma_cross,"(50, 200)",long,0.762,0.02442,1.476,0.05126,0.2230300020800624,False,0.0699719461157311,False
QQQ,ETF,sma_cross,"(50, 200)",long/short,0.762,0.04885,1.946,0.13304,0.2230300020800624,False,0.025827369805805023,False
QQQ,ETF,tsmom,20,long,2.518,0.0882,0.724,0.02498,0.005901166053331686,False,0.23453286753621683,False
QQQ,ETF,tsmom,20,long/short,2.518,0.17641,0.792,0.05452,0.005901166053331686,False,0.21418033811653736,False
QQQ,ETF,tsmom,60,long,1.1,0.03969,1.422,0.04872,0.13566606094638267,False,0.07751312547119715,False
QQQ,ETF,tsmom,60,long/short,1.1,0.07937,1.438,0.09806,0.13566606094638267,False,0.07521702707184585,False
QQQ,ETF,tsmom,120,long,0.756,0.02702,2.068,0.07125,0.22482459785246145,False,0.019320011548942473,False
QQQ,ETF,tsmom,120,long/short,0.756,0.05404,2.186,0.1493,0.22482459785246145,False,0.014407802664058167,False
QQQ,ETF,tsmom,250,long,-0.56,-0.0185,0.454,0.01585,0.712260281150973,False,0.3249144133971742,False
QQQ,ETF,tsmom,250,long/short,-0.56,-0.03701,1.085,0.0733,0.712260281150973,False,0.13896082763391093,False
QQQ,ETF,donchian,20,long,1.703,0.05484,-0.206,-0.00644,0.04428403420190863,False,0.5816045443473927,False
QQQ,ETF,donchian,20,long/short,1.671,0.10325,-0.006,-0.00039,0.04736083890548293,False,0.5023936393205641,False
QQQ,ETF,donchian,55,long,0.498,0.01634,-0.093,-0.00296,0.30924202109245436,False,0.5370482193881883,False
QQQ,ETF,donchian,55,long/short,0.725,0.04485,0.575,0.03513,0.23422601521269493,False,0.28264564849720064,False
QQQ,ETF,donchian,100,long,1.279,0.04458,0.666,0.02101,0.10044852794579251,False,0.25270555020079977,False
QQQ,ETF,donchian,100,long/short,1.027,0.06555,0.871,0.05167,0.15221023204107054,False,0.19187707654520025,False
QQQ,ETF,rsi2,10,long,1.11,0.03295,2.096,0.0681,0.13349951324274723,False,0.01804109547236843,False
QQQ,ETF,rsi2,10,long/short,0.748,0.0317,1.392,0.06136,0.22723007877129553,False,0.08196119897758458,False
QQQ,ETF,rsi2,30,long,1.708,0.06166,1.309,0.04707,0.043818171238254044,False,0.095267175367445,False
QQQ,ETF,rsi2,30,long/short,0.946,0.06022,1.483,0.09281,0.17207429311356293,False,0.06903720538527858,False
QQQ,ETF,rsi14,30,long,-0.603,-0.0201,-0.421,-0.01356,0.7267456553942692,False,0.6631224590690911,False
QQQ,ETF,rsi14,30,long/short,-0.986,-0.04592,-0.162,-0.0066,0.8379334435710547,False,0.5643470730651057,False
QQQ,ETF,bollinger,1.5,long,-1.284,-0.0465,-0.294,-0.01059,0.9004290222897758,False,0.6156210483141691,False
QQQ,ETF,bollinger,1.5,long/short,-1.016,-0.06189,-0.273,-0.01574,0.8451853067253312,False,0.6075733922130369,False
QQQ,ETF,bollinger,2.0,long,-1.144,-0.04126,0.337,0.01184,0.8736881815003427,False,0.36805845005154225,False
QQQ,ETF,bollinger,2.0,long/short,-0.819,-0.04304,0.548,0.02789,0.7936067932063766,False,0.2918459514173488,False
QQQ,ETF,bollinger,2.5,long,-0.649,-0.02075,0.086,0.00197,0.7418308118995591,False,0.46573320861363465,False
QQQ,ETF,bollinger,2.5,long/short,-0.244,-0.00857,0.569,0.01537,0.5963845900408977,False,0.2846780699717789,False
QQQ,ETF,weekday,0,long,0.045,0.00131,-0.658,-0.01836,0.48205365447786097,False,0.7447309344227232,False
QQQ,ETF,weekday,1,long,0.527,0.01465,-0.961,-0.0286,0.2990967942379146,False,0.8317239160817094,False
QQQ,ETF,weekday,2,long,0.497,0.01481,0.019,0.00057,0.30959452566341183,False,0.49242055270519525,False
QQQ,ETF,weekday,3,long,-1.359,-0.04035,1.281,0.03681,0.9129267056472928,False,0.10009683304777695,False
QQQ,ETF,weekday,4,long,-1.432,-0.04081,-1.486,-0.0408,0.9239280893413875,False,0.9313604395007544,False
QQQ,ETF,overnight,-,long,-0.266,-0.00918,2.407,0.07586,0.6048803954886851,False,0.008042084931898508,False
QQQ,ETF,turn_of_month,-,long,-0.047,-0.00132,1.046,0.03033,0.5187433862349218,False,0.14778051619506227,False
IWM,ETF,sma_trend,10,long,-0.052,-0.0019,-1.955,-0.05987,0.5207356532922802,False,0.9747084648647699,False
IWM,ETF,sma_trend,10,long/short,-0.052,-0.0038,-1.822,-0.11143,0.5207356532922802,False,0.9657725071747221,False
IWM,ETF,sma_trend,20,long,0.396,0.01453,-1.101,-0.03337,0.34605251411118165,False,0.8645516714195952,False
IWM,ETF,sma_trend,20,long/short,0.396,0.02905,-0.998,-0.06038,0.34605251411118165,False,0.8408603206783783,False
IWM,ETF,sma_trend,50,long,0.365,0.0134,-0.32,-0.00952,0.3575557031230292,False,0.6255158347233201,False
IWM,ETF,sma_trend,50,long/short,0.365,0.0268,-0.217,-0.01287,0.3575557031230292,False,0.5858958275303481,False
IWM,ETF,sma_trend,100,long,0.144,0.00526,0.557,0.01663,0.44275023481822995,False,0.2887637145951525,False
IWM,ETF,sma_trend,100,long/short,0.144,0.01052,0.563,0.03335,0.44275023481822995,False,0.2867174419702132,False
IWM,ETF,sma_trend,200,long,0.598,0.02173,0.307,0.00911,0.2749199665406772,False,0.3794216861102565,False
IWM,ETF,sma_trend,200,long/short,0.598,0.04347,0.256,0.01492,0.2749199665406772,False,0.39897541865743413,False
IWM,ETF,sma_cross,"(5, 20)",long,0.542,0.01992,-0.366,-0.01103,0.29390925294161674,False,0.6428174622141614,False
IWM,ETF,sma_cross,"(5, 20)",long/short,0.542,0.03984,-0.261,-0.01571,0.29390925294161674,False,0.6029537463721915,False
IWM,ETF,sma_cross,"(10, 50)",long,0.313,0.01156,1.725,0.05212,0.3771403310749243,False,0.04226373625795232,False
IWM,ETF,sma_cross,"(10, 50)",long/short,0.313,0.02312,1.835,0.11041,0.3771403310749243,False,0.03325284472842527,False
IWM,ETF,sma_cross,"(20, 100)",long,-0.776,-0.02869,0.356,0.01076,0.7811255070669162,False,0.36092028259044473,False
IWM,ETF,sma_cross,"(20, 100)",long/short,-0.776,-0.05737,0.36,0.02162,0.7811255070669162,False,0.3594235667820088,False
IWM,ETF,sma_cross,"(50, 200)",long,-0.994,-0.03683,-0.301,-0.00926,0.8398885662745508,False,0.6182927527384109,False
IWM,ETF,sma_cross,"(50, 200)",long/short,-0.994,-0.07366,-0.364,-0.02182,0.8398885662745508,False,0.642070995309583,False
IWM,ETF,tsmom,20,long,-0.019,-0.0007,0.289,0.00862,0.5075794472948048,False,0.386290688777994,False
IWM,ETF,tsmom,20,long/short,-0.019,-0.00141,0.409,0.02438,0.5075794472948048,False,0.34126983057412874,False
IWM,ETF,tsmom,60,long,0.245,0.00898,0.238,0.00715,0.40322821567947564,False,0.4059405471011941,False
IWM,ETF,tsmom,60,long/short,0.245,0.01795,0.352,0.02105,0.40322821567947564,False,0.36241913123756897,False
IWM,ETF,tsmom,120,long,-0.657,-0.02386,0.07,0.00209,0.7444095417686155,False,0.47209682981947887,False
IWM,ETF,tsmom,120,long/short,-0.657,-0.04771,0.118,0.00704,0.7444095417686155,False,0.4530338289416578,False
IWM,ETF,tsmom,250,long,0.385,0.01397,0.412,0.01264,0.35011870776527565,False,0.34016971161496123,False
IWM,ETF,tsmom,250,long/short,0.385,0.02793,0.459,0.02731,0.35011870776527565,False,0.3231170830389708,False
IWM,ETF,donchian,20,long,0.291,0.00972,-0.154,-0.00424,0.3855256597534499,False,0.5611951322074614,False
IWM,ETF,donchian,20,long/short,0.455,0.02857,-0.004,-0.0002,0.3245546194179446,False,0.5015957648662317,False
IWM,ETF,donchian,55,long,0.152,0.00528,0.055,0.00148,0.43959346782576125,False,0.47806923189717654,False
IWM,ETF,donchian,55,long/short,0.686,0.04452,0.367,0.01888,0.24635655420219882,False,0.35680950900215946,False
IWM,ETF,donchian,100,long,0.286,0.00993,1.031,0.02775,0.38743906077712187,False,0.15127040989963325,False
IWM,ETF,donchian,100,long/short,0.739,0.04727,0.694,0.0359,0.2299534986796834,False,0.243841104460232,False
IWM,ETF,rsi2,10,long,-0.796,-0.02688,1.975,0.05267,0.7869839822978704,False,0.02413407400472478,False
IWM,ETF,rsi2,10,long/short,-0.43,-0.02109,2.972,0.10993,0.6664021794045423,False,0.0014793334203125896,False
IWM,ETF,rsi2,30,long,-0.803,-0.02987,1.863,0.05775,0.7890126327178432,False,0.03123113311471104,False
IWM,ETF,rsi2,30,long/short,0.133,0.00886,2.232,0.119,0.44709669024992704,False,0.01280748146647892,False
IWM,ETF,rsi14,30,long,-0.992,-0.03469,0.15,0.00414,0.8394012372919295,False,0.4403823076297575,False
IWM,ETF,rsi14,30,long/short,-0.249,-0.01165,0.319,0.01106,0.598319609293035,False,0.37486325639099927,False
IWM,ETF,bollinger,1.5,long,-0.713,-0.02643,-0.136,-0.00422,0.7620771214318429,False,0.5540893595176599,False
IWM,ETF,bollinger,1.5,long/short,-0.453,-0.02809,0.364,0.01802,0.6747256292400579,False,0.357929004690417,False
IWM,ETF,bollinger,2.0,long,-0.755,-0.02758,-0.274,-0.00828,0.774875508890073,False,0.6079576891711825,False
IWM,ETF,bollinger,2.0,long/short,-0.677,-0.03846,0.539,0.02225,0.7507970228167442,False,0.2949434272772652,False
IWM,ETF,bollinger,2.5,long,-0.968,-0.03323,-0.751,-0.01901,0.8334778151498295,False,0.7736736721068145,False
IWM,ETF,bollinger,2.5,long/short,-0.545,-0.02292,-0.43,-0.01165,0.7071232411941949,False,0.6664021794045423,False
IWM,ETF,weekday,0,long,0.033,0.00101,-1.748,-0.04466,0.4868372938212727,False,0.9597679862906452,False
IWM,ETF,weekday,1,long,-0.034,-0.00098,1.067,0.02702,0.513561424648841,False,0.14298591797062477,False
IWM,ETF,weekday,2,long,-0.689,-0.02121,-0.232,-0.0058,0.7545883662172191,False,0.5917309930990302,False
IWM,ETF,weekday,3,long,-1.238,-0.03757,-0.583,-0.01484,0.8921419695866903,False,0.7200533498881214,False
IWM,ETF,weekday,4,long,0.293,0.00835,-0.529,-0.01211,0.38476107584610797,False,0.7015972750584105,False
IWM,ETF,overnight,-,long,1.513,0.05446,1.717,0.04781,0.06513982942794738,False,0.04298958599454106,False
IWM,ETF,turn_of_month,-,long,-1.005,-0.02868,0.24,0.00588,0.8425515750696722,False,0.4051651283022042,False
DIA,ETF,sma_trend,10,long,2.165,0.05889,-1.157,-0.02537,0.015193842636020305,False,0.8763638198258631,False
DIA,ETF,sma_trend,10,long/short,2.165,0.11779,-1.125,-0.0493,0.015193842636020305,False,0.8697054828631912,False
DIA,ETF,sma_trend,20,long,1.594,0.04213,-0.266,-0.00578,0.05546801745272889,False,0.6048803954886851,False
DIA,ETF,sma_trend,20,long/short,1.594,0.08426,-0.187,-0.00811,0.05546801745272889,False,0.5741696835273642,False
DIA,ETF,sma_trend,50,long,1.2,0.03257,-0.26,-0.00554,0.11506967022170833,False,0.6025681132017605,False
DIA,ETF,sma_trend,50,long/short,1.2,0.06514,-0.12,-0.0051,0.11506967022170833,False,0.5477584260205839,False
DIA,ETF,sma_trend,100,long,0.319,0.00885,0.128,0.00273,0.37486325639099927,False,0.44907448652068827,False
DIA,ETF,sma_trend,100,long/short,0.319,0.01769,0.264,0.01123,0.37486325639099927,False,0.3958899593755876,False
DIA,ETF,sma_trend,200,long,0.717,0.0203,-0.772,-0.01647,0.2366870483297131,False,0.7799427862507902,False
DIA,ETF,sma_trend,200,long/short,0.717,0.04061,-0.729,-0.03066,0.2366870483297131,False,0.7669991687588837,False
DIA,ETF,sma_cross,"(5, 20)",long,1.169,0.03185,-0.55,-0.01194,0.12120181568603117,False,0.7088403132116536,False
DIA,ETF,sma_cross,"(5, 20)",long/short,1.169,0.06371,-0.471,-0.02043,0.12120181568603117,False,0.6811796325483522,False
DIA,ETF,sma_cross,"(10, 50)",long,0.703,0.01932,0.228,0.00493,0.24102787473763376,False,0.4098231202609659,False
DIA,ETF,sma_cross,"(10, 50)",long/short,0.703,0.03863,0.367,0.01584,0.24102787473763376,False,0.35680950900215946,False
DIA,ETF,sma_cross,"(20, 100)",long,0.01,0.00029,0.355,0.00766,0.4960106436853684,False,0.36129479561631284,False
DIA,ETF,sma_cross,"(20, 100)",long/short,0.01,0.00058,0.489,0.0211,0.4960106436853684,False,0.31242084842708884,False
DIA,ETF,sma_cross,"(50, 200)",long,-1.571,-0.04046,1.273,0.0277,0.9419086756045596,False,0.10150902092876457,False
DIA,ETF,sma_cross,"(50, 200)",long/short,-1.571,-0.08091,1.348,0.05767,0.9419086756045596,False,0.08882919130278655,False
DIA,ETF,tsmom,20,long,1.306,0.03507,0.34,0.0073,0.0957762787858698,False,0.36692826396397193,False
DIA,ETF,tsmom,20,long/short,1.306,0.07014,0.429,0.01842,0.0957762787858698,False,0.3339616123448267,False
DIA,ETF,tsmom,60,long,0.6,0.01652,0.268,0.00568,0.27425311775007355,False,0.3943496593666983,False
DIA,ETF,tsmom,60,long/short,0.6,0.03303,0.449,0.01905,0.27425311775007355,False,0.3267158283210092,False
DIA,ETF,tsmom,120,long,0.422,0.01186,-0.164,-0.00353,0.33651250872446836,False,0.565134428094503,False
DIA,ETF,tsmom,120,long/short,0.422,0.02372,0.009,0.00037,0.33651250872446836,False,0.4964095679472853,False
DIA,ETF,tsmom,250,long,0.422,0.01204,0.25,0.00553,0.33651250872446836,False,0.4012936743170763,False
DIA,ETF,tsmom,250,long/short,0.422,0.02408,0.381,0.01645,0.33651250872446836,False,0.3516016242686246,False
DIA,ETF,donchian,20,long,1.693,0.04029,0.26,0.00496,0.04522773360394816,False,0.3974318867982395,False
DIA,ETF,donchian,20,long/short,1.127,0.05322,0.242,0.00897,0.1298712404923954,False,0.40439008161479983,False
DIA,ETF,donchian,55,long,0.277,0.00668,-1.15,-0.02224,0.39089005307264224,False,0.8749280643628496,False
DIA,ETF,donchian,55,long/short,0.733,0.03463,-0.436,-0.01643,0.23177921469740448,False,0.6685816352146713,False
DIA,ETF,donchian,100,long,0.074,0.00194,0.497,0.00915,0.470505192631097,False,0.30959452566341183,False
DIA,ETF,donchian,100,long/short,0.554,0.02768,0.293,0.01072,0.28978942286730225,False,0.38476107584610797,False
DIA,ETF,rsi2,10,long,0.512,0.01224,0.816,0.01624,0.3043255047833042,False,0.2072500678564454,False
DIA,ETF,rsi2,10,long/short,-0.436,-0.01458,1.191,0.03222,0.6685816352146713,False,0.11682679244029925,False
DIA,ETF,rsi2,30,long,-0.748,-0.02134,1.276,0.02888,0.7727699212287045,False,0.10097775954749444,False
DIA,ETF,rsi2,30,long/short,-1.404,-0.06829,1.461,0.05813,0.9198405752166852,False,0.07200772071476114,False
DIA,ETF,rsi14,30,long,-0.656,-0.0186,0.965,0.01985,0.744087937890172,False,0.16727240589139514,False
DIA,ETF,rsi14,30,long/short,-0.612,-0.0232,0.724,0.01771,0.7297311212185279,False,0.23453286753621683,False
DIA,ETF,bollinger,1.5,long,-1.224,-0.03435,0.082,0.00186,0.8895238862344754,False,0.4673233567285886,False
DIA,ETF,bollinger,1.5,long/short,-1.769,-0.0817,0.228,0.00803,0.961553062706993,False,0.4098231202609659,False
DIA,ETF,bollinger,2.0,long,-1.619,-0.04589,0.706,0.01581,0.947276368442638,False,0.2400940687257831,False
DIA,ETF,bollinger,2.0,long/short,-1.778,-0.07234,0.7,0.02144,0.9622980725560197,False,0.24196365222307303,False
DIA,ETF,bollinger,2.5,long,-0.986,-0.02802,-0.071,-0.00142,0.8379334435710547,False,0.5283011222538723,False
DIA,ETF,bollinger,2.5,long/short,-0.889,-0.03021,-0.018,-0.00039,0.8129984600979113,False,0.5071805732941742,False
DIA,ETF,weekday,0,long,-0.509,-0.01225,-0.343,-0.00645,0.694623887942679,False,0.6342007699223756,False
DIA,ETF,weekday,1,long,-0.354,-0.00786,0.14,0.00257,0.6383305583821042,False,0.44432999519409355,False
DIA,ETF,weekday,2,long,-0.036,-0.00082,-0.359,-0.00641,0.514358820522249,False,0.6402024553629672,False
DIA,ETF,weekday,3,long,-1.214,-0.02741,-0.71,-0.01305,0.8876261379221613,False,0.7611479319100133,False
DIA,ETF,weekday,4,long,-0.092,-0.00207,-1.581,-0.02704,0.5366509802035495,False,0.9430609811322741,False
DIA,ETF,overnight,-,long,-1.028,-0.02782,-0.327,-0.00656,0.8480250861547626,False,0.6281660573932328,False
DIA,ETF,turn_of_month,-,long,-0.21,-0.00448,0.588,0.01016,0.5831661634824423,False,0.27826614641229774,False
EFA,ETF,sma_trend,10,long,1.555,0.04261,-1.098,-0.03234,0.059973034663572844,False,0.8638977553640502,False
EFA,ETF,sma_trend,10,long/short,1.555,0.08522,-1.216,-0.07161,0.059973034663572844,False,0.8880075389948663,False
EFA,ETF,sma_trend,20,long,0.484,0.01316,0.193,0.00566,0.31419293456065167,False,0.42347948404449465,False
EFA,ETF,sma_trend,20,long/short,0.484,0.02632,0.029,0.00171,0.31419293456065167,False,0.4884322952976893,False
EFA,ETF,sma_trend,50,long,0.347,0.00944,1.18,0.03358,0.3642956593856741,False,0.11900010745520073,False
EFA,ETF,sma_trend,50,long/short,0.347,0.01888,1.08,0.06127,0.3642956593856741,False,0.14007109008876906,False
EFA,ETF,sma_trend,100,long,0.845,0.02308,1.411,0.03906,0.1990554195216424,False,0.07912230701015299,False
EFA,ETF,sma_trend,100,long/short,0.845,0.04616,1.259,0.06949,0.1990554195216424,False,0.10401516593601134,False
EFA,ETF,sma_trend,200,long,0.232,0.0064,1.824,0.05113,0.4082690069009698,False,0.03407603611951626,False
EFA,ETF,sma_trend,200,long/short,0.232,0.01279,1.691,0.09427,0.4082690069009698,False,0.04541840132578667,False
EFA,ETF,sma_cross,"(5, 20)",long,0.19,0.00522,0.228,0.00666,0.4246545652652045,False,0.4098231202609659,False
EFA,ETF,sma_cross,"(5, 20)",long/short,0.19,0.01044,0.064,0.00371,0.4246545652652045,False,0.4744851134046951,False
EFA,ETF,sma_cross,"(10, 50)",long,0.386,0.01051,0.609,0.01751,0.3497483344025484,False,0.27126221944899065,False
EFA,ETF,sma_cross,"(10, 50)",long/short,0.386,0.02101,0.508,0.02913,0.3497483344025484,False,0.30572667160651423,False
EFA,ETF,sma_cross,"(20, 100)",long,0.91,0.02533,1.605,0.04547,0.1814112548917972,False,0.05424690233591045,False
EFA,ETF,sma_cross,"(20, 100)",long/short,0.91,0.05066,1.458,0.08232,0.1814112548917972,False,0.0724202715079707,False
EFA,ETF,sma_cross,"(50, 200)",long,-0.543,-0.01498,0.946,0.02761,0.7064350987833686,False,0.17207429311356293,False
EFA,ETF,sma_cross,"(50, 200)",long/short,-0.543,-0.02995,0.817,0.04724,0.7064350987833686,False,0.20696421402340592,False
EFA,ETF,tsmom,20,long,0.442,0.01205,1.382,0.03965,0.3292446029635332,False,0.08348585055296431,False
EFA,ETF,tsmom,20,long/short,0.442,0.0241,1.211,0.06932,0.3292446029635332,False,0.112947702349802,False
EFA,ETF,tsmom,60,long,0.767,0.0211,0.946,0.02679,0.22154075776325488,False,0.17207429311356293,False
EFA,ETF,tsmom,60,long/short,0.767,0.0422,0.852,0.04812,0.22154075776325488,False,0.1971070460272326,False
EFA,ETF,tsmom,120,long,1.078,0.02908,2.189,0.06238,0.14051687806693514,False,0.014298420009268398,False
EFA,ETF,tsmom,120,long/short,1.078,0.05816,2.019,0.11451,0.14051687806693514,False,0.021743609753173576,False
EFA,ETF,tsmom,250,long,0.066,0.00178,0.9,0.02618,0.4736889127280771,False,0.18406012534675953,False
EFA,ETF,tsmom,250,long/short,0.066,0.00356,0.634,0.03626,0.4736889127280771,False,0.2630404110565592,False
EFA,ETF,donchian,20,long,0.013,0.00034,-0.335,-0.00883,0.4948138964304434,False,0.6311874568912148,False
EFA,ETF,donchian,20,long/short,-0.48,-0.02363,-0.088,-0.00448,0.6843863034837774,False,0.535061661928198,False
EFA,ETF,donchian,55,long,0.702,0.01781,1.317,0.03359,0.2413395817238131,False,0.09391931228149142,False
EFA,ETF,donchian,55,long/short,0.348,0.0168,1.061,0.05323,0.36392009174717477,False,0.14434495058565266,False
EFA,ETF,donchian,100,long,-0.241,-0.00625,0.968,0.02447,0.5952224417380568,False,0.16652218485017045,False
EFA,ETF,donchian,100,long/short,0.531,0.02661,0.523,0.02619,0.2977093895820142,False,0.3004871266236693,False
EFA,ETF,rsi2,10,long,-1.057,-0.02803,0.558,0.0151,0.8547442062835808,False,0.288422192085104,False
EFA,ETF,rsi2,10,long/short,0.044,0.0017,1.159,0.04208,0.48245220193445026,False,0.1232280925227488,False
EFA,ETF,rsi2,30,long,-1.383,-0.03866,1.296,0.03934,0.9166675670537356,False,0.09748774244531244,False
EFA,ETF,rsi2,30,long/short,-0.988,-0.04944,1.405,0.07344,0.8384236759012708,False,0.08001063913603357,False
EFA,ETF,rsi14,30,long,0.387,0.01046,0.216,0.00626,0.3493781039763386,False,0.41449387378244407,False
EFA,ETF,rsi14,30,long/short,0.177,0.00641,0.03,0.00109,0.42975419478909593,False,0.4880335265858874,False
EFA,ETF,bollinger,1.5,long,-0.204,-0.00572,0.08,0.00242,0.5808232505448958,False,0.46811862798601267,False
EFA,ETF,bollinger,1.5,long/short,-0.173,-0.00775,-0.031,-0.00149,0.5686742861887089,False,0.5123652301630337,False
EFA,ETF,bollinger,2.0,long,0.537,0.01499,-0.222,-0.00672,0.2956338070268476,False,0.5878430583343217,False
EFA,ETF,bollinger,2.0,long/short,0.15,0.00605,0.289,0.01255,0.4403823076297575,False,0.386290688777994,False
EFA,ETF,bollinger,2.5,long,0.568,0.01521,0.106,0.0029,0.28501748396884796,False,0.45779117609359843,False
EFA,ETF,bollinger,2.5,long/short,0.141,0.00442,0.428,0.013,0.44393497117142544,False,0.33432556019432413,False
EFA,ETF,weekday,0,long,-1.273,-0.0286,-1.953,-0.05097,0.8984909790712353,False,0.9745902024042704,False
EFA,ETF,weekday,1,long,0.53,0.01156,0.203,0.0052,0.29805596539487644,False,0.41956751610591614,False
EFA,ETF,weekday,2,long,0.601,0.01336,-0.027,-0.00064,0.27391999315008464,False,0.510770132983785,False
EFA,ETF,weekday,3,long,-1.585,-0.03546,0.396,0.00956,0.9435168328657798,False,0.34605251411118165,False
EFA,ETF,weekday,4,long,-0.49,-0.01125,-0.629,-0.01353,0.6879330505826095,False,0.7353254718933228,False
EFA,ETF,overnight,-,long,-3.485,-0.09443,-2.585,-0.0747,0.9997539314792446,False,0.9951310501296614,False
EFA,ETF,turn_of_month,-,long,-0.668,-0.01396,1.1,0.02568,0.7479332037545448,False,0.13566606094638267,False
EEM,ETF,sma_trend,10,long,0.199,0.00645,-2.859,-0.12335,0.4211313722965654,False,0.9978751060764266,False
EEM,ETF,sma_trend,10,long/short,0.199,0.01291,-2.845,-0.24541,0.4211313722965654,False,0.9977794288468854,False
EEM,ETF,sma_trend,20,long,0.23,0.00737,-0.374,-0.01577,0.4090458848579941,False,0.645797841909301,False
EEM,ETF,sma_trend,20,long/short,0.23,0.01474,-0.297,-0.02505,0.4090458848579941,False,0.6167667454319251,False
EEM,ETF,sma_trend,50,long,0.378,0.01209,0.237,0.00975,0.3527152969878239,False,0.40632839512879726,False
EEM,ETF,sma_trend,50,long/short,0.378,0.02417,0.382,0.03137,0.3527152969878239,False,0.3512306823172102,False
EEM,ETF,sma_trend,100,long,0.979,0.03158,1.041,0.04245,0.1637899897532603,False,0.14893777411750198,False
EEM,ETF,sma_trend,100,long/short,0.979,0.06317,1.349,0.10982,0.1637899897532603,False,0.08866848304546515,False
EEM,ETF,sma_trend,200,long,0.17,0.00552,-0.008,-0.00035,0.4325050683249616,False,0.5031915042004637,False
EEM,ETF,sma_trend,200,long/short,0.17,0.01104,0.474,0.03894,0.4325050683249616,False,0.3177499536125785,False
EEM,ETF,sma_cross,"(5, 20)",long,-0.53,-0.0171,-0.157,-0.00663,0.7019440346051236,False,0.5623775759491711,False
EEM,ETF,sma_cross,"(5, 20)",long/short,-0.53,-0.03421,-0.081,-0.00679,0.7019440346051236,False,0.532279023746941,False
EEM,ETF,sma_cross,"(10, 50)",long,-0.144,-0.00466,0.377,0.01564,0.55724976518177,False,0.353086802456675,False
EEM,ETF,sma_cross,"(10, 50)",long/short,-0.144,-0.00932,0.521,0.04316,0.55724976518177,False,0.30118338568461667,False
EEM,ETF,sma_cross,"(20, 100)",long,0.724,0.02365,0.993,0.041,0.23453286753621683,False,0.16035497723736003,False
EEM,ETF,sma_cross,"(20, 100)",long/short,0.724,0.04731,1.297,0.10691,0.23453286753621683,False,0.09731559339913032,False
EEM,ETF,sma_cross,"(50, 200)",long,-0.349,-0.01129,-0.069,-0.00293,0.636455345216536,False,0.5275051902495521,False
EEM,ETF,sma_cross,"(50, 200)",long/short,-0.349,-0.02258,0.4,0.03377,0.636455345216536,False,0.3445782583896758,False
EEM,ETF,tsmom,20,long,-0.362,-0.0116,0.44,0.0181,0.6413239847794237,False,0.32996855366059363,False
EEM,ETF,tsmom,20,long/short,-0.362,-0.0232,0.514,0.04223,0.6413239847794237,False,0.3036259953333965,False
EEM,ETF,tsmom,60,long,1.15,0.03707,1.016,0.04256,0.12507193563715036,False,0.1548146932746688,False
EEM,ETF,tsmom,60,long/short,1.15,0.07414,1.212,0.1014,0.12507193563715036,False,0.11275619031716388,False
EEM,ETF,tsmom,120,long,1.231,0.03975,0.042,0.00177,0.1091614321412836,False,0.48324934905923544,False
EEM,ETF,tsmom,120,long/short,1.231,0.07951,0.353,0.02953,0.1091614321412836,False,0.3620442202676296,False
EEM,ETF,tsmom,250,long,0.259,0.00841,0.212,0.00912,0.39781762024632195,False,0.41605351716122063,False
EEM,ETF,tsmom,250,long/short,0.259,0.01683,0.731,0.06227,0.39781762024632195,False,0.2323895764686421,False
EEM,ETF,donchian,20,long,0.31,0.00927,0.745,0.02768,0.3782804781779807,False,0.2281358599419896,False
EEM,ETF,donchian,20,long/short,0.091,0.00523,0.172,0.01245,0.46374629552877245,False,0.4317187644991729,False
EEM,ETF,donchian,55,long,0.944,0.02755,1.133,0.0414,0.17258482413805187,False,0.1286071266569324,False
EEM,ETF,donchian,55,long/short,0.795,0.04403,0.807,0.05829,0.21330675107579866,False,0.20983324157565386,False
EEM,ETF,donchian,100,long,-0.315,-0.00947,0.462,0.0178,0.6236191730674514,False,0.3220406602243068,False
EEM,ETF,donchian,100,long/short,0.408,0.02344,0.71,0.05368,0.34163683745104256,False,0.2388520680899867,False
EEM,ETF,rsi2,10,long,0.69,0.01856,2.477,0.09488,0.24509709367430954,False,0.006624595099113506,False
EEM,ETF,rsi2,10,long/short,1.341,0.05445,2.329,0.12017,0.08996022629954825,False,0.009929532851030043,False
EEM,ETF,rsi2,30,long,0.333,0.0109,1.947,0.08529,0.36956714157750203,False,0.025767367335268743,False
EEM,ETF,rsi2,30,long/short,0.238,0.01363,1.85,0.14134,0.4059405471011941,False,0.03215677479561374,False
EEM,ETF,rsi14,30,long,0.045,0.00139,0.19,0.00755,0.48205365447786097,False,0.4246545652652045,False
EEM,ETF,rsi14,30,long/short,0.132,0.00529,0.09,0.00466,0.44749214587440367,False,0.46414360741482785,False
EEM,ETF,bollinger,1.5,long,-0.261,-0.00859,-0.292,-0.01284,0.6029537463721915,False,0.6148566880148413,False
EEM,ETF,bollinger,1.5,long/short,-0.195,-0.01089,-0.414,-0.02921,0.5773035261893451,False,0.660562946583449,False
EEM,ETF,bollinger,2.0,long,-0.095,-0.00311,-0.594,-0.02583,0.5378425865391663,False,0.7237439435128408,False
EEM,ETF,bollinger,2.0,long/short,0.023,0.00111,-0.568,-0.03552,0.4908251364750321,False,0.714982516031152,False
EEM,ETF,bollinger,2.5,long,0.454,0.01349,-0.084,-0.00331,0.3249144133971742,False,0.5334717841150868,False
EEM,ETF,bollinger,2.5,long/short,0.003,0.00011,0.282,0.01282,0.4988031749540336,False,0.38897175515058535,False
EEM,ETF,weekday,0,long,-1.506,-0.04044,-1.442,-0.05279,0.9339664131661687,False,0.9253488131940436,False
EEM,ETF,weekday,1,long,1.545,0.04004,0.217,0.00797,0.06117313168353333,False,0.4141041724696519,False
EEM,ETF,weekday,2,long,0.931,0.02493,0.174,0.00618,0.17592678208378865,False,0.4309327311152914,False
EEM,ETF,weekday,3,long,-2.125,-0.05485,-0.535,-0.01868,0.9832066935515512,False,0.7036750713576556,False
EEM,ETF,weekday,4,long,-0.766,-0.02009,0.22,0.00693,0.7781618489074817,False,0.41293557735178543,False
EEM,ETF,overnight,-,long,-1.96,-0.0599,1.483,0.05475,0.9750021048517795,False,0.06903720538527858,False
EEM,ETF,turn_of_month,-,long,0.923,0.02355,1.874,0.06224,0.1780036026147649,False,0.03046521255706458,False
TLT,ETF,sma_trend,10,long,-0.039,-0.00096,-2.047,-0.03869,0.5155548056924939,False,0.9796709577286272,False
TLT,ETF,sma_trend,10,long/short,-0.039,-0.00191,-1.962,-0.07408,0.5155548056924939,False,0.9751187578733014,False
TLT,ETF,sma_trend,20,long,-0.111,-0.00269,-1.158,-0.0219,0.5441918266336001,False,0.8765679817929092,False
TLT,ETF,sma_trend,20,long/short,-0.111,-0.00538,-1.065,-0.04017,0.5441918266336001,False,0.8565620351232489,False
TLT,ETF,sma_trend,50,long,-0.283,-0.00686,-1.351,-0.02524,0.6114115814984986,False,0.9116522836531904,False
TLT,ETF,sma_trend,50,long/short,-0.283,-0.01372,-1.172,-0.04347,0.6114115814984986,False,0.8794014719239882,False
TLT,ETF,sma_trend,100,long,0.01,0.00024,-0.494,-0.00909,0.4960106436853684,False,0.6893469102573553,False
TLT,ETF,sma_trend,100,long/short,0.01,0.00048,-0.393,-0.01416,0.4960106436853684,False,0.652840259306904,False
TLT,ETF,sma_trend,200,long,-0.257,-0.00624,-1.812,-0.03246,0.6014106134638838,False,0.9650069017480585,False
TLT,ETF,sma_trend,200,long/short,-0.257,-0.01249,-1.612,-0.05531,0.6014106134638838,False,0.9465190301370887,False
TLT,ETF,sma_cross,"(5, 20)",long,0.374,0.0091,1.163,0.02199,0.354202158090699,False,0.1224147512112066,False
TLT,ETF,sma_cross,"(5, 20)",long/short,0.374,0.01821,1.263,0.04761,0.354202158090699,False,0.10329458985809536,False
TLT,ETF,sma_cross,"(10, 50)",long,1.698,0.04104,-0.171,-0.00319,0.04475388091715171,False,0.5678881172024185,False
TLT,ETF,sma_cross,"(10, 50)",long/short,1.698,0.08207,0.017,0.00064,0.04475388091715171,False,0.4932183078862524,False
TLT,ETF,sma_cross,"(20, 100)",long,1.62,0.03932,0.602,0.01099,0.05261613845425206,False,0.27358706869781313,False
TLT,ETF,sma_cross,"(20, 100)",long/short,1.62,0.07863,0.728,0.026,0.05261613845425206,False,0.2333067931462649,False
TLT,ETF,sma_cross,"(50, 200)",long,0.334,0.00811,-1.31,-0.02348,0.3691897793341773,False,0.904902082204761,False
TLT,ETF,sma_cross,"(50, 200)",long/short,0.334,0.01623,-1.088,-0.03735,0.3691897793341773,False,0.8617024462329783,False
TLT,ETF,tsmom,20,long,0.403,0.0098,0.625,0.01178,0.34347411224566604,False,0.26598552904870054,False
TLT,ETF,tsmom,20,long/short,0.403,0.0196,0.711,0.0267,0.34347411224566604,False,0.23854211790215807,False
TLT,ETF,tsmom,60,long,0.157,0.00382,0.246,0.00446,0.43762242405082874,False,0.40284111625081986,False
TLT,ETF,tsmom,60,long/short,0.157,0.00764,0.309,0.01106,0.43762242405082874,False,0.3786607634105217,False
TLT,ETF,tsmom,120,long,0.202,0.00492,-0.446,-0.00795,0.4199583620904037,False,0.6722013770368866,False
TLT,ETF,tsmom,120,long/short,0.202,0.00983,-0.322,-0.01112,0.4199583620904037,False,0.6262736527426995,False
TLT,ETF,tsmom,250,long,-0.451,-0.0109,-0.729,-0.01047,0.674005225508074,False,0.7669991687588837,False
TLT,ETF,tsmom,250,long/short,-0.451,-0.02179,-0.753,-0.01882,0.674005225508074,False,0.7742750429897562,False
TLT,ETF,donchian,20,long,0.507,0.01185,0.519,0.00975,0.3060774092851847,False,0.3018803706253812,False
TLT,ETF,donchian,20,long/short,-0.04,-0.0017,0.279,0.009,0.5159534368528307,False,0.39012241238230216,False
TLT,ETF,donchian,55,long,0.442,0.01058,0.55,0.01045,0.3292446029635332,False,0.29115968678834636,False
TLT,ETF,donchian,55,long/short,0.892,0.0375,0.815,0.02529,0.18619646619742414,False,0.20753615504138778,False
TLT,ETF,donchian,100,long,0.153,0.00362,0.63,0.01193,0.43919913764520124,False,0.26434729211567753,False
TLT,ETF,donchian,100,long/short,0.326,0.01349,0.394,0.01207,0.3722121775643983,False,0.3467905196174752,False
TLT,ETF,rsi2,10,long,0.848,0.01501,0.931,0.01224,0.19821898536604765,False,0.17592678208378865,False
TLT,ETF,rsi2,10,long/short,1.026,0.02917,2.44,0.05509,0.1524457920328115,False,0.00734363095534829,False
TLT,ETF,rsi2,30,long,0.634,0.01517,2.074,0.03731,0.2630404110565592,False,0.019039655429961666,False
TLT,ETF,rsi2,30,long/short,0.666,0.02917,1.858,0.06134,0.25270555020079977,False,0.03158450715396133,False
TLT,ETF,rsi14,30,long,-0.432,-0.00775,-0.067,-0.00078,0.6671292934166032,False,0.5267091483990727,False
TLT,ETF,rsi14,30,long/short,-0.457,-0.01296,-0.511,-0.01131,0.6761644772484725,False,0.6953244716134648,False
TLT,ETF,bollinger,1.5,long,0.661,0.01556,-1.055,-0.01819,0.25430615678278023,False,0.8542873376272359,False
TLT,ETF,bollinger,1.5,long/short,0.192,0.00782,-0.812,-0.02548,0.42387110271251105,False,0.7916041842533688,False
TLT,ETF,bollinger,2.0,long,0.541,0.01159,-1.124,-0.01693,0.29425379135580965,False,0.8694934870274396,False
TLT,ETF,bollinger,2.0,long/short,0.219,0.00774,-0.559,-0.01516,0.41332502388326264,False,0.7119191399085588,False
TLT,ETF,bollinger,2.5,long,0.715,0.0121,-0.789,-0.00829,0.2373045216398474,False,0.7849439967336577,False
TLT,ETF,bollinger,2.5,long/short,0.072,0.0018,-1.129,-0.02184,0.4713009539263684,False,0.8705510831612033,False
TLT,ETF,weekday,0,long,-3.267,-0.06157,0.607,0.00835,0.9994565315981999,False,0.27192545607022134,False
TLT,ETF,weekday,1,long,-0.24,-0.00467,-0.467,-0.00714,0.5948348716977958,False,0.6797500609641915,False
TLT,ETF,weekday,2,long,0.966,0.01929,-2.194,-0.03365,0.16702209051761852,False,0.9858822952237911,False
TLT,ETF,weekday,3,long,-0.375,-0.00701,-2.307,-0.03642,0.6461697666727237,False,0.9894725899460741,False
TLT,ETF,weekday,4,long,0.177,0.00356,1.18,0.01847,0.42975419478909593,False,0.11900010745520073,False
TLT,ETF,overnight,-,long,-3.168,-0.07912,-2.788,-0.04894,0.9992325423975765,False,0.9973482728097635,False
TLT,ETF,turn_of_month,-,long,1.003,0.01998,-2.439,-0.03794,0.15793043062452772,False,0.9926360158715303,False
IEF,ETF,sma_trend,10,long,1.157,0.01244,-1.849,-0.01754,0.1236361801741368,False,0.9677710936409427,False
IEF,ETF,sma_trend,10,long/short,1.157,0.02487,-1.763,-0.03335,0.1236361801741368,False,0.9610497551678308,False
IEF,ETF,sma_trend,20,long,0.284,0.00305,-0.283,-0.00268,0.38820519032133105,False,0.6114115814984986,False
IEF,ETF,sma_trend,20,long/short,0.284,0.00611,-0.205,-0.00387,0.38820519032133105,False,0.5812139374874481,False
IEF,ETF,sma_trend,50,long,1.125,0.01207,-0.619,-0.00581,0.13029451713680884,False,0.7320418205570148,False
IEF,ETF,sma_trend,50,long/short,1.125,0.02415,-0.405,-0.0075,0.13029451713680884,False,0.6572612445273263,False
IEF,ETF,sma_trend,100,long,1.544,0.01662,-1.25,-0.01127,0.061294166310569276,False,0.8943502263331448,False
IEF,ETF,sma_trend,100,long/short,1.544,0.03323,-1.188,-0.02057,0.061294166310569276,False,0.8825832951515973,False
IEF,ETF,sma_trend,200,long,0.582,0.00627,-1.657,-0.01427,0.2802833404376439,False,0.9512402624533085,False
IEF,ETF,sma_trend,200,long/short,0.582,0.01254,-1.516,-0.02395,0.2802833404376439,False,0.9352403237968454,False
IEF,ETF,sma_cross,"(5, 20)",long,0.325,0.00349,0.136,0.00129,0.372590535846716,False,0.4459106404823401,False
IEF,ETF,sma_cross,"(5, 20)",long/short,0.325,0.00699,0.217,0.00408,0.372590535846716,False,0.4141041724696519,False
IEF,ETF,sma_cross,"(10, 50)",long,1.912,0.02057,0.093,0.00087,0.027938097026539044,False,0.46295178061181175,False
IEF,ETF,sma_cross,"(10, 50)",long/short,1.912,0.04114,0.319,0.00585,0.027938097026539044,False,0.37486325639099927,False
IEF,ETF,sma_cross,"(20, 100)",long,1.187,0.01276,-0.699,-0.00625,0.11761381025368989,False,0.757723984581248,False
IEF,ETF,sma_cross,"(20, 100)",long/short,1.187,0.02552,-0.614,-0.01053,0.11761381025368989,False,0.730392336397442,False
IEF,ETF,sma_cross,"(50, 200)",long,0.817,0.00879,-1.895,-0.01542,0.20696421402340592,False,0.9709537991646932,False
IEF,ETF,sma_cross,"(50, 200)",long/short,0.817,0.01757,-1.797,-0.02625,0.20696421402340592,False,0.9638321901199575,False
IEF,ETF,tsmom,20,long,-0.453,-0.00488,0.627,0.00592,0.6747256292400579,False,0.26532961757908435,False
IEF,ETF,tsmom,20,long/short,-0.453,-0.00975,0.698,0.01312,0.6747256292400579,False,0.24258859703261493,False
IEF,ETF,tsmom,60,long,0.412,0.00444,-1.001,-0.00904,0.34016971161496123,False,0.84158659580772,False
IEF,ETF,tsmom,60,long/short,0.412,0.00888,-0.96,-0.01691,0.34016971161496123,False,0.8314723925331622,False
IEF,ETF,tsmom,120,long,0.967,0.0104,-1.562,-0.01377,0.16677201683171883,False,0.9408560055704887,False
IEF,ETF,tsmom,120,long/short,0.967,0.0208,-1.521,-0.02537,0.16677201683171883,False,0.9358700813401799,False
IEF,ETF,tsmom,250,long,0.814,0.00859,0.046,0.00035,0.2078224754824054,False,0.4816551249555021,False
IEF,ETF,tsmom,250,long/short,0.814,0.01718,0.12,0.00147,0.2078224754824054,False,0.4522415739794161,False
IEF,ETF,donchian,20,long,0.294,0.0031,0.223,0.00211,0.3843789516858309,False,0.4117677532516545,False
IEF,ETF,donchian,20,long/short,0.715,0.01349,0.363,0.00577,0.2373045216398474,False,0.3583024421642974,False
IEF,ETF,donchian,55,long,1.095,0.0116,-0.372,-0.00355,0.13675831824089646,False,0.6450535753250211,False
IEF,ETF,donchian,55,long/short,1.054,0.02013,-0.33,-0.00494,0.1459414585669222,False,0.6293000189406535,False
IEF,ETF,donchian,100,long,1.429,0.0149,-1.461,-0.01391,0.07650211671801599,False,0.9279922792852389,False
IEF,ETF,donchian,100,long/short,1.31,0.02414,-1.325,-0.01904,0.09509791779523913,False,0.9074144243432051,False
IEF,ETF,rsi2,10,long,-0.31,-0.00258,0.295,0.00195,0.6217195218220193,False,0.38399693985353456,False
IEF,ETF,rsi2,10,long/short,-0.733,-0.00985,2.014,0.02283,0.7682207853025955,False,0.022004766744867954,False
IEF,ETF,rsi2,30,long,-1.216,-0.01284,0.959,0.00877,0.8880075389948663,False,0.16877937259391063,False
IEF,ETF,rsi2,30,long/short,-0.83,-0.01609,1.313,0.02202,0.7967306081719316,False,0.09459147408666402,False
IEF,ETF,rsi14,30,long,-0.894,-0.00781,-0.595,-0.00329,0.8143390544211638,False,0.7240782645076775,False
IEF,ETF,rsi14,30,long/short,-0.677,-0.00883,0.077,0.00084,0.7507970228167442,False,0.4693117724845506,False
IEF,ETF,bollinger,1.5,long,-1.058,-0.01086,-0.696,-0.00586,0.8549722787983696,False,0.7567855851259457,False
IEF,ETF,bollinger,1.5,long/short,-0.827,-0.01521,-1.054,-0.01628,0.795881469259466,False,0.8540585414330778,False
IEF,ETF,bollinger,2.0,long,-1.207,-0.01188,-0.727,-0.00567,0.8862839280138539,False,0.7663870221272411,False
IEF,ETF,bollinger,2.0,long/short,-0.685,-0.01142,-0.169,-0.00236,0.753328039513658,False,0.5671016793004424,False
IEF,ETF,bollinger,2.5,long,-0.276,-0.00184,-1.426,-0.00799,0.6087259668834311,False,0.923065828971695,False
IEF,ETF,bollinger,2.5,long/short,-0.163,-0.00184,-1.05,-0.01045,0.564740782664519,False,0.8531409436241041,False
IEF,ETF,weekday,0,long,-3.714,-0.03102,-0.768,-0.0052,0.9998979956035338,False,0.7787564075527982,False
IEF,ETF,weekday,1,long,-1.215,-0.0104,-0.493,-0.00382,0.8878169543090657,False,0.6889937063295628,False
IEF,ETF,weekday,2,long,0.693,0.00613,-2.163,-0.01683,0.24415477575296185,False,0.9847294101918822,False
IEF,ETF,weekday,3,long,-1.116,-0.00938,-2.645,-0.02034,0.8677889326968756,False,0.9959154541482099,False
IEF,ETF,weekday,4,long,-0.648,-0.00574,-0.522,-0.0042,0.7415075248597813,False,0.6991648347076549,False
IEF,ETF,overnight,-,long,-4.782,-0.05161,-5.468,-0.05073,0.9999991322016041,False,0.9999999772429059,False
IEF,ETF,turn_of_month,-,long,1.274,0.0115,-1.762,-0.01332,0.10133170808582115,False,0.9609653512594343,False
LQD,ETF,sma_trend,10,long,1.639,0.02249,0.925,0.00998,0.05060662984680386,False,0.1774829537232323,False
LQD,ETF,sma_trend,10,long/short,1.639,0.04498,0.981,0.02114,0.05060662984680386,False,0.16329637077538417,False
LQD,ETF,sma_trend,20,long,2.388,0.03227,2.04,0.0219,0.008470170891422768,False,0.020675162866070074,False
LQD,ETF,sma_trend,20,long/short,2.388,0.06454,2.162,0.04637,0.008470170891422768,False,0.015309088096163492,False
LQD,ETF,sma_trend,50,long,1.803,0.02434,1.91,0.02087,0.0356941073386039,False,0.028066606659772564,False
LQD,ETF,sma_trend,50,long/short,1.803,0.04869,2.045,0.04456,0.0356941073386039,False,0.020427429052545354,False
LQD,ETF,sma_trend,100,long,0.867,0.01162,1.797,0.01972,0.19297100484754381,False,0.036167809880042534,False
LQD,ETF,sma_trend,100,long/short,0.867,0.02324,2.023,0.04408,0.19297100484754381,False,0.021536573758970334,False
LQD,ETF,sma_trend,200,long,1.335,0.01823,0.928,0.01027,0.0909381732252541,False,0.17670378480956128,False
LQD,ETF,sma_trend,200,long/short,1.335,0.03647,1.392,0.03032,0.0909381732252541,False,0.08196119897758458,False
LQD,ETF,sma_cross,"(5, 20)",long,1.102,0.01516,2.48,0.0267,0.13523083580582274,False,0.006569119135546808,False
LQD,ETF,sma_cross,"(5, 20)",long/short,1.102,0.03033,2.603,0.05597,0.13523083580582274,False,0.004620597685135119,False
LQD,ETF,sma_cross,"(10, 50)",long,1.236,0.01713,0.891,0.00996,0.10822928183318836,False,0.18646458511710018,False
LQD,ETF,sma_cross,"(10, 50)",long/short,1.236,0.03425,1.021,0.02273,0.10822928183318836,False,0.15362721935639456,False
LQD,ETF,sma_cross,"(20, 100)",long,-0.677,-0.00952,1.265,0.01393,0.7507970228167442,False,0.10293566393460174,False
LQD,ETF,sma_cross,"(20, 100)",long/short,-0.677,-0.01903,1.487,0.03249,0.7507970228167442,False,0.06850740547346823,False
LQD,ETF,sma_cross,"(50, 200)",long,-0.68,-0.00895,0.488,0.00542,0.7517477695464294,False,0.31277492053570766,False
LQD,ETF,sma_cross,"(50, 200)",long/short,-0.68,-0.0179,0.945,0.02061,0.7517477695464294,False,0.17232943801287193,False
LQD,ETF,tsmom,20,long,2.121,0.02865,1.915,0.02057,0.016960901212192514,False,0.027746251805307987,False
LQD,ETF,tsmom,20,long/short,2.121,0.05729,2.029,0.04352,0.016960901212192514,False,0.021229145156866913,False
LQD,ETF,tsmom,60,long,1.437,0.0189,1.748,0.0193,0.07535899677335922,False,0.0402320137093547,False
LQD,ETF,tsmom,60,long/short,1.437,0.0378,1.813,0.03986,0.07535899677335922,False,0.03491591066015243,False
LQD,ETF,tsmom,120,long,0.739,0.00998,0.968,0.01065,0.2299534986796834,False,0.16652218485017045,False
LQD,ETF,tsmom,120,long/short,0.739,0.01996,1.206,0.02625,0.2299534986796834,False,0.11390874521510463,False
LQD,ETF,tsmom,250,long,0.605,0.00837,0.721,0.00797,0.2725894983493772,False,0.23545475736992239,False
LQD,ETF,tsmom,250,long/short,0.605,0.01675,1.042,0.02254,0.2725894983493772,False,0.14870583947368177,False
LQD,ETF,donchian,20,long,2.002,0.02507,1.9,0.01907,0.02264236576312717,False,0.028716559816001852,False
LQD,ETF,donchian,20,long/short,1.796,0.04366,2.541,0.04969,0.036247258515151204,False,0.005526795976089294,False
LQD,ETF,donchian,55,long,2.255,0.02674,1.018,0.01068,0.012066664391112703,False,0.15433897803841312,False
LQD,ETF,donchian,55,long/short,1.972,0.04625,1.664,0.03305,0.024304803259263652,False,0.04805621469593402,False
LQD,ETF,donchian,100,long,1.185,0.01408,0.145,0.00152,0.11800872345376312,False,0.44235543589507653,False
LQD,ETF,donchian,100,long/short,1.239,0.02896,0.884,0.01732,0.10767274903322077,False,0.188348106418031,False
LQD,ETF,rsi2,10,long,-0.634,-0.00828,-1.321,-0.01383,0.7369595889434408,False,0.9067493178904895,False
LQD,ETF,rsi2,10,long/short,-0.669,-0.01261,-0.937,-0.01372,0.7482522610185718,False,0.8256207210405856,False
LQD,ETF,rsi2,30,long,-1.784,-0.02507,-1.592,-0.01768,0.9627881674202996,False,0.9443076477239924,False
LQD,ETF,rsi2,30,long/short,-1.571,-0.0394,-1.464,-0.02827,0.9419086756045596,False,0.9284030258265814,False
LQD,ETF,rsi14,30,long,-1.186,-0.01654,-2.032,-0.02252,0.8821888502380139,False,0.9789231720266863,False
LQD,ETF,rsi14,30,long/short,-2.223,-0.04111,-1.739,-0.02783,0.9868921000135743,False,0.9589826185383309,False
LQD,ETF,bollinger,1.5,long,-1.938,-0.0271,-3.325,-0.03693,0.9736883887288152,False,0.999557907324845,False
LQD,ETF,bollinger,1.5,long/short,-2.157,-0.04993,-2.941,-0.05662,0.9844971677780433,False,0.9983642273308264,False
LQD,ETF,bollinger,2.0,long,-1.592,-0.02235,-2.674,-0.02987,0.9443076477239924,False,0.9962523774246126,False
LQD,ETF,bollinger,2.0,long/short,-1.776,-0.03622,-2.125,-0.03815,0.9621335414270833,False,0.9832066935515512,False
LQD,ETF,bollinger,2.5,long,-1.656,-0.02311,-2.881,-0.03214,0.9511390905894135,False,0.9980179217974792,False
LQD,ETF,bollinger,2.5,long/short,-1.793,-0.03019,-2.14,-0.03231,0.9635135379638097,False,0.9838226166278339,False
LQD,ETF,weekday,0,long,-3.516,-0.0405,-1.442,-0.01366,0.9997809495078948,False,0.9253488131940436,False
LQD,ETF,weekday,1,long,-1.227,-0.01267,-0.614,-0.0062,0.8900887045407648,False,0.730392336397442,False
LQD,ETF,weekday,2,long,1.346,0.01617,-0.958,-0.0076,0.08915125829107562,False,0.8309686207204711,False
LQD,ETF,weekday,3,long,-1.548,-0.0185,-2.816,-0.02259,0.9391888517443023,False,0.9975687166660657,False
LQD,ETF,weekday,4,long,0.511,0.0051,-0.039,-0.00034,0.3046755283865352,False,0.5155548056924939,False
LQD,ETF,overnight,-,long,-1.601,-0.02181,1.108,0.01524,0.9453115404272964,False,0.1339309079498019,False
LQD,ETF,turn_of_month,-,long,1.105,0.01112,0.183,0.00173,0.13457979456439606,False,0.42739900930869,False
HYG,ETF,sma_trend,10,long,0.137,0.00185,2.95,0.06208,0.44551539755575087,False,0.0015888696473649322,False
HYG,ETF,sma_trend,10,long/short,0.137,0.0037,2.973,0.12513,0.44551539755575087,False,0.0014745222568102179,False
HYG,ETF,sma_trend,20,long,1.001,0.01329,2.54,0.05346,0.15841340419228,False,0.00554262344308265,False
HYG,ETF,sma_trend,20,long/short,1.001,0.02659,2.577,0.10848,0.15841340419228,False,0.00498309753164361,False
HYG,ETF,sma_trend,50,long,0.968,0.01244,1.805,0.03795,0.16652218485017045,False,0.03553734101654271,False
HYG,ETF,sma_trend,50,long/short,0.968,0.02488,1.789,0.07516,0.16652218485017045,False,0.036807407777509016,False
HYG,ETF,sma_trend,100,long,1.422,0.01853,1.433,0.03004,0.07751312547119715,False,0.07592891866147611,False
HYG,ETF,sma_trend,100,long/short,1.422,0.03705,1.382,0.05784,0.07751312547119715,False,0.08348585055296431,False
HYG,ETF,sma_trend,200,long,1.657,0.02131,1.699,0.03287,0.048759737546691495,False,0.044659591807260424,False
HYG,ETF,sma_trend,200,long/short,1.657,0.04263,1.633,0.0632,0.048759737546691495,False,0.05123449833431226,False
HYG,ETF,sma_cross,"(5, 20)",long,0.462,0.0062,2.373,0.05036,0.3220406602243068,False,0.008822131961115143,False
HYG,ETF,sma_cross,"(5, 20)",long/short,0.462,0.0124,2.41,0.1023,0.3220406602243068,False,0.007976260260733725,False
HYG,ETF,sma_cross,"(10, 50)",long,1.605,0.0208,0.655,0.01383,0.05424690233591045,False,0.2562338770296121,False
HYG,ETF,sma_cross,"(10, 50)",long/short,1.605,0.04161,0.638,0.02694,0.05424690233591045,False,0.2617368400444795,False
HYG,ETF,sma_cross,"(20, 100)",long,1.086,0.01447,0.474,0.01002,0.1387394961227193,False,0.3177499536125785,False
HYG,ETF,sma_cross,"(20, 100)",long/short,1.086,0.02894,0.422,0.0178,0.1387394961227193,False,0.33651250872446836,False
HYG,ETF,sma_cross,"(50, 200)",long,-0.305,-0.00419,1.89,0.03641,0.619816923840165,False,0.02937898004040962,False
HYG,ETF,sma_cross,"(50, 200)",long/short,-0.305,-0.00837,1.824,0.0703,0.619816923840165,False,0.03407603611951626,False
HYG,ETF,tsmom,20,long,1.055,0.01357,1.708,0.0358,0.14571266237276415,False,0.043818171238254044,False
HYG,ETF,tsmom,20,long/short,1.055,0.02715,1.738,0.07286,0.14571266237276415,False,0.04110540688771125,False
HYG,ETF,tsmom,60,long,0.662,0.0086,0.587,0.01222,0.2539856108451134,False,0.2786018533578367,False
HYG,ETF,tsmom,60,long/short,0.662,0.01719,0.549,0.02282,0.2539856108451134,False,0.2915027249130375,False
HYG,ETF,tsmom,120,long,1.641,0.02076,1.697,0.03337,0.05039870759759546,False,0.04484833026594259,False
HYG,ETF,tsmom,120,long/short,1.641,0.04152,1.752,0.06885,0.05039870759759546,False,0.03988690395952388,False
HYG,ETF,tsmom,250,long,1.552,0.02011,1.458,0.02882,0.060331111804076465,False,0.0724202715079707,False
HYG,ETF,tsmom,250,long/short,1.552,0.04022,1.428,0.0563,0.060331111804076465,False,0.0766459292606334,False
HYG,ETF,donchian,20,long,0.094,0.00107,1.837,0.03561,0.4625545783686962,False,0.033104947693528786,False
HYG,ETF,donchian,20,long/short,0.146,0.00321,2.044,0.07841,0.44196069421361195,False,0.020476773574377494,False
HYG,ETF,donchian,55,long,0.717,0.00803,0.66,0.01243,0.2366870483297131,False,0.25462691467133614,False
HYG,ETF,donchian,55,long/short,1.101,0.02458,0.379,0.0142,0.1354483285804049,False,0.3523439319214905,False
HYG,ETF,donchian,100,long,1.594,0.01871,0.164,0.00292,0.05546801745272889,False,0.434865571905497,False
HYG,ETF,donchian,100,long/short,1.355,0.03138,0.788,0.0279,0.08770877851448622,False,0.21534835294194932,False
HYG,ETF,rsi2,10,long,0.846,0.01025,-1.612,-0.03623,0.19877637213586463,False,0.9465190301370887,False
HYG,ETF,rsi2,10,long/short,0.525,0.00896,-2.284,-0.07652,0.29979159546869594,False,0.9888142345276425,False
HYG,ETF,rsi2,30,long,-1.373,-0.01881,-2.677,-0.05977,0.9151238266500984,False,0.9962857682515212,False
HYG,ETF,rsi2,30,long/short,-1.218,-0.02968,-3.018,-0.11971,0.8883880136274791,False,0.9987277554766713,False
HYG,ETF,rsi14,30,long,-0.286,-0.00377,-1.136,-0.02554,0.6125609392228781,False,0.8720217178485845,False
HYG,ETF,rsi14,30,long/short,-0.722,-0.01191,-0.521,-0.01675,0.7648527612385586,False,0.6988166143153833,False
HYG,ETF,bollinger,1.5,long,-0.507,-0.00697,-2.428,-0.05357,0.6939225907148153,False,0.9924088283623858,False
HYG,ETF,bollinger,1.5,long/short,-1.023,-0.02242,-2.248,-0.08522,0.8468460770923727,False,0.9877119050408294,False
HYG,ETF,bollinger,2.0,long,-0.182,-0.0025,-1.784,-0.03978,0.5722086370495298,False,0.9627881674202996,False
HYG,ETF,bollinger,2.0,long/short,0.098,0.00197,-1.604,-0.05562,0.4609661466843784,False,0.9456429736990261,False
HYG,ETF,bollinger,2.5,long,-0.379,-0.00505,-1.571,-0.03551,0.6476560680785095,False,0.9419086756045596,False
HYG,ETF,bollinger,2.5,long/short,-0.603,-0.0093,-1.364,-0.03991,0.7267456553942692,False,0.9137162171652078,False
HYG,ETF,weekday,0,long,-3.492,-0.03916,-1.731,-0.03686,0.999760290876326,False,0.9582741177668452,False
HYG,ETF,weekday,1,long,0.015,0.00015,0.954,0.014,0.4940160901914378,False,0.17004182119025923,False
HYG,ETF,weekday,2,long,0.81,0.00924,-0.473,-0.00847,0.20897008787160165,False,0.6818934104107206,False
HYG,ETF,weekday,3,long,-1.132,-0.01365,-0.535,-0.01031,0.8711827827921657,False,0.7036750713576556,False
HYG,ETF,weekday,4,long,-0.712,-0.00697,-0.602,-0.00875,0.7617676119894301,False,0.7264129313021869,False
HYG,ETF,overnight,-,long,-4.328,-0.06109,4.387,0.08633,0.9999924765265192,False,5.74623948601527e-06,False
HYG,ETF,turn_of_month,-,long,0.794,0.00775,1.28,0.01972,0.21359771567438024,False,0.10027256795444206,False
TIP,ETF,sma_trend,10,long,-1.093,-0.01018,-0.441,-0.00414,0.8628031001259011,False,0.670393501503493,False
TIP,ETF,sma_trend,10,long/short,-1.093,-0.02037,-0.429,-0.00805,0.8628031001259011,False,0.6660383876551733,False
TIP,ETF,sma_trend,20,long,-0.796,-0.00746,-0.594,-0.00556,0.7869839822978704,False,0.7237439435128408,False
TIP,ETF,sma_trend,20,long/short,-0.796,-0.01493,-0.618,-0.01155,0.7869839822978704,False,0.731712330691914,False
TIP,ETF,sma_trend,50,long,0.327,0.00307,-0.025,-0.00024,0.37183394260676716,False,0.509972518195238,False
TIP,ETF,sma_trend,50,long/short,0.327,0.00614,0.041,0.00076,0.37183394260676716,False,0.4836479479317586,False
TIP,ETF,sma_trend,100,long,0.012,0.00012,-0.313,-0.00291,0.49521280752807784,False,0.6228596689250757,False
TIP,ETF,sma_trend,100,long/short,0.012,0.00023,-0.406,-0.00735,0.49521280752807784,False,0.6576286997932852,False
TIP,ETF,sma_trend,200,long,-0.469,-0.00441,0.542,0.00506,0.6804651819906721,False,0.29390925294161674,False
TIP,ETF,sma_trend,200,long/short,-0.469,-0.00881,0.693,0.01242,0.6804651819906721,False,0.24415477575296185,False
TIP,ETF,sma_cross,"(5, 20)",long,-0.146,-0.00137,-1.171,-0.01099,0.5580393057863879,False,0.8792006114241817,False
TIP,ETF,sma_cross,"(5, 20)",long/short,-0.146,-0.00274,-1.196,-0.02241,0.5580393057863879,False,0.8841517204647346,False
TIP,ETF,sma_cross,"(10, 50)",long,-0.596,-0.0056,0.528,0.0049,0.724412386640706,False,0.2987496679726147,False
TIP,ETF,sma_cross,"(10, 50)",long/short,-0.596,-0.01119,0.599,0.01104,0.724412386640706,False,0.27458644228478035,False
TIP,ETF,sma_cross,"(20, 100)",long,0.065,0.0006,0.11,0.00102,0.4740870001281262,False,0.45620468745768317,False
TIP,ETF,sma_cross,"(20, 100)",long/short,0.065,0.0012,0.027,0.00049,0.4740870001281262,False,0.48922986701621496,False
TIP,ETF,sma_cross,"(50, 200)",long,0.506,0.00466,0.164,0.0015,0.3064283248329295,False,0.434865571905497,False
TIP,ETF,sma_cross,"(50, 200)",long/short,0.506,0.00933,0.305,0.00531,0.3064283248329295,False,0.38018307615983493,False
TIP,ETF,tsmom,20,long,-0.53,-0.00497,0.034,0.00032,0.7019440346051236,False,0.486438575351159,False
TIP,ETF,tsmom,20,long/short,-0.53,-0.00994,0.038,0.00072,0.7019440346051236,False,0.48484384101475997,False
TIP,ETF,tsmom,60,long,0.111,0.00104,-1.046,-0.00977,0.4558081733663999,False,0.8522194838049377,False
TIP,ETF,tsmom,60,long/short,0.111,0.00209,-0.925,-0.01714,0.4558081733663999,False,0.8225170462767677,False
TIP,ETF,tsmom,120,long,-0.37,-0.00347,0.672,0.00626,0.6443087548005467,False,0.2507918481599697,False
TIP,ETF,tsmom,120,long/short,-0.37,-0.00694,0.702,0.01276,0.6443087548005467,False,0.2413395817238131,False
TIP,ETF,tsmom,250,long,0.584,0.00532,-0.245,-0.00223,0.27961015601934924,False,0.5967717843205245,False
TIP,ETF,tsmom,250,long/short,0.584,0.01063,-0.104,-0.00177,0.27961015601934924,False,0.5414153257143561,False
TIP,ETF,donchian,20,long,-0.449,-0.00401,-0.284,-0.00263,0.6732841716789908,False,0.611794809678669,False
TIP,ETF,donchian,20,long/short,-0.316,-0.00509,0.066,0.00107,0.6239987459332932,False,0.4736889127280771,False
TIP,ETF,donchian,55,long,-0.852,-0.00781,0.195,0.00182,0.8028929539727675,False,0.4226964738106549,False
TIP,ETF,donchian,55,long/short,-0.564,-0.00958,-0.284,-0.00456,0.7136229339288367,False,0.611794809678669,False
TIP,ETF,donchian,100,long,0.339,0.00303,0.103,0.00096,0.36730486508160576,False,0.45898148547720696,False
TIP,ETF,donchian,100,long/short,-0.272,-0.00448,-0.001,-1e-05,0.6071889903275085,False,0.500398942213911,False
TIP,ETF,rsi2,10,long,-0.869,-0.00679,-0.203,-0.00142,0.8075764346151973,False,0.5804324838940839,False
TIP,ETF,rsi2,10,long/short,-0.627,-0.00763,0.483,0.00548,0.7346703824209156,False,0.31454786811065005,False
TIP,ETF,rsi2,30,long,-0.615,-0.0057,-0.167,-0.0015,0.730722639787146,False,0.5663149755376162,False
TIP,ETF,rsi2,30,long/short,-0.419,-0.00679,-0.316,-0.00515,0.6623919338241235,False,0.6239987459332932,False
TIP,ETF,rsi14,30,long,-0.456,-0.00367,-1.657,-0.01182,0.6758050108922757,False,0.9512402624533085,False
TIP,ETF,rsi14,30,long/short,0.11,0.0013,-0.045,-0.00052,0.45620468745768317,False,0.5179463455221391,False
TIP,ETF,bollinger,1.5,long,0.311,0.00285,-0.11,-0.00096,0.3779003108155812,False,0.5437953125423167,False
TIP,ETF,bollinger,1.5,long/short,0.842,0.01349,0.278,0.00439,0.1998939767260568,False,0.39050617937644905,False
TIP,ETF,bollinger,2.0,long,-0.55,-0.00484,-1.151,-0.00949,0.7088403132116536,False,0.8751338822293008,False
TIP,ETF,bollinger,2.0,long/short,0.21,0.00308,0.024,0.00034,0.4168338365175577,False,0.4904263043539694,False
TIP,ETF,bollinger,2.5,long,-0.779,-0.00631,-1.237,-0.00865,0.7820101426247481,False,0.8919564586862284,False
TIP,ETF,bollinger,2.5,long/short,0.268,0.00331,-0.466,-0.00501,0.3943496593666983,False,0.6793922497229753,False
TIP,ETF,weekday,0,long,-5.036,-0.03609,-1.249,-0.00838,0.9999997623197213,False,0.8941674630749676,False
TIP,ETF,weekday,1,long,-2.668,-0.01909,-1.389,-0.01071,0.9961847870952308,False,0.9175836249759151,False
TIP,ETF,weekday,2,long,1.173,0.00902,-2.204,-0.01751,0.12039790284679597,False,0.986237827956559,False
TIP,ETF,weekday,3,long,-1.073,-0.00807,-2.149,-0.01562,0.858364441934585,False,0.9841828000271413,False
TIP,ETF,weekday,4,long,0.487,0.00384,0.236,0.00184,0.3131291654736681,False,0.4067163350872688,False
TIP,ETF,overnight,-,long,-1.429,-0.01262,-2.53,-0.02321,0.923497883281984,False,0.9942968736670493,False
TIP,ETF,turn_of_month,-,long,0.737,0.00571,0.101,0.00075,0.2305611746828763,False,0.45977523008861365,False
GLD,ETF,sma_trend,10,long,0.244,0.0056,1.186,0.03539,0.4036154099591023,False,0.11781114976198626,False
GLD,ETF,sma_trend,10,long/short,0.244,0.0112,1.205,0.07186,0.4036154099591023,False,0.11410165094812963,False
GLD,ETF,sma_trend,20,long,-1.033,-0.0233,0.641,0.01914,0.849198050670956,False,0.26076134148066576,False
GLD,ETF,sma_trend,20,long/short,-1.033,-0.04661,0.614,0.03655,0.849198050670956,False,0.26960766360255795,False
GLD,ETF,sma_trend,50,long,-0.391,-0.00861,-0.484,-0.01441,0.6521013820709638,False,0.6858070654393483,False
GLD,ETF,sma_trend,50,long/short,-0.391,-0.01722,-0.572,-0.03391,0.6521013820709638,False,0.7163390126734549,False
GLD,ETF,sma_trend,100,long,0.088,0.00175,-0.253,-0.00752,0.46493833807180196,False,0.5998658934014052,False
GLD,ETF,sma_trend,100,long/short,0.088,0.0035,-0.323,-0.01905,0.46493833807180196,False,0.6266523789680284,False
GLD,ETF,sma_trend,200,long,-0.807,-0.0157,0.729,0.02136,0.7901667584243461,False,0.23300083124111626,False
GLD,ETF,sma_trend,200,long/short,-0.807,-0.0314,0.708,0.04073,0.7901667584243461,False,0.23947262873987996,False
GLD,ETF,sma_cross,"(5, 20)",long,-0.595,-0.01338,0.51,0.0152,0.7240782645076775,False,0.3050257308975194,False
GLD,ETF,sma_cross,"(5, 20)",long/short,-0.595,-0.02675,0.482,0.02867,0.7240782645076775,False,0.31490297313494653,False
GLD,ETF,sma_cross,"(10, 50)",long,-0.225,-0.00498,-0.259,-0.00768,0.5890103628687295,False,0.602182379753678,False
GLD,ETF,sma_cross,"(10, 50)",long/short,-0.225,-0.00997,-0.347,-0.02045,0.5890103628687295,False,0.6357043406143259,False
GLD,ETF,sma_cross,"(20, 100)",long,0.304,0.006,-0.285,-0.00846,0.3805639455784072,False,0.6121779290374987,False
GLD,ETF,sma_cross,"(20, 100)",long/short,0.304,0.012,-0.355,-0.02093,0.3805639455784072,False,0.6387052043836872,False
GLD,ETF,sma_cross,"(50, 200)",long,-0.856,-0.01694,1.212,0.03569,0.8040011102773118,False,0.11275619031716388,False
GLD,ETF,sma_cross,"(50, 200)",long/short,-0.856,-0.03388,1.198,0.06939,0.8040011102773118,False,0.11545850849188666,False
GLD,ETF,tsmom,20,long,-1.949,-0.04329,0.863,0.02571,0.9743522876396146,False,0.19406873347412623,False
GLD,ETF,tsmom,20,long/short,-1.949,-0.08658,0.853,0.05072,0.9743522876396146,False,0.1968296521018067,False
GLD,ETF,tsmom,60,long,0.503,0.01044,-0.213,-0.00634,0.3074821360792648,False,0.584336518658753,False
GLD,ETF,tsmom,60,long/short,0.503,0.02087,-0.289,-0.0171,0.3074821360792648,False,0.613709311222006,False
GLD,ETF,tsmom,120,long,0.229,0.00438,1.355,0.04016,0.40943445806275713,False,0.08770877851448622,False
GLD,ETF,tsmom,120,long/short,0.229,0.00876,1.27,0.07455,0.40943445806275713,False,0.10204231507481909,False
GLD,ETF,tsmom,250,long,-1.636,-0.03048,0.981,0.0273,0.9490802063019518,False,0.16329637077538417,False
GLD,ETF,tsmom,250,long/short,-1.636,-0.06096,1.054,0.05677,0.9490802063019518,False,0.1459414585669222,False
GLD,ETF,donchian,20,long,-1.134,-0.02634,0.136,0.00396,0.8716027259961896,False,0.4459106404823401,False
GLD,ETF,donchian,20,long/short,-1.279,-0.04859,-0.213,-0.01111,0.8995514720542075,False,0.584336518658753,False
GLD,ETF,donchian,55,long,-0.678,-0.01572,0.093,0.0027,0.7511141533919512,False,0.46295178061181175,False
GLD,ETF,donchian,55,long/short,-0.433,-0.01651,-0.644,-0.03184,0.6674926150872508,False,0.7402122830033208,False
GLD,ETF,donchian,100,long,-0.395,-0.00872,0.158,0.00462,0.6535785560137083,False,0.4372283993577415,False
GLD,ETF,donchian,100,long/short,-0.01,-0.00035,0.436,0.02199,0.5039893563146316,False,0.3314183647853287,False
GLD,ETF,rsi2,10,long,-0.731,-0.01318,-0.89,-0.02122,0.7676104235313579,False,0.8132670569628273,False
GLD,ETF,rsi2,10,long/short,-0.492,-0.01511,0.374,0.01441,0.6886403282293183,False,0.354202158090699,False
GLD,ETF,rsi2,30,long,-0.377,-0.00835,-0.711,-0.02069,0.646913197543325,False,0.7614578820978419,False
GLD,ETF,rsi2,30,long/short,-0.445,-0.01832,-0.309,-0.01655,0.6718401229374151,False,0.6213392365894783,False
GLD,ETF,rsi14,30,long,1.031,0.01181,-0.059,-0.00129,0.15127040989963325,False,0.5235239459433012,False
GLD,ETF,rsi14,30,long/short,0.752,0.01935,0.087,0.00321,0.22602552939400333,False,0.46533575605428545,False
GLD,ETF,bollinger,1.5,long,0.672,0.01296,0.073,0.00208,0.2507918481599697,False,0.4709030587560903,False
GLD,ETF,bollinger,1.5,long/short,0.628,0.02306,-0.303,-0.01551,0.2650019699938456,False,0.6190550692011259,False
GLD,ETF,bollinger,2.0,long,1.295,0.02297,0.357,0.00961,0.09766011474127456,False,0.36054590286747346,False
GLD,ETF,bollinger,2.0,long/short,0.976,0.03233,-0.178,-0.00817,0.1645322321668483,False,0.5706385121298834,False
GLD,ETF,bollinger,2.5,long,-0.066,-0.00088,1.364,0.02954,0.5263110872719229,False,0.08628378283479221,False
GLD,ETF,bollinger,2.5,long/short,0.966,0.02495,0.387,0.01278,0.16702209051761852,False,0.3493781039763386,False
GLD,ETF,weekday,0,long,-1.366,-0.025,-1.632,-0.03712,0.9140305183049888,False,0.9486602569051557,False
GLD,ETF,weekday,1,long,-0.192,-0.00363,-1.315,-0.03158,0.576128897287489,False,0.9057450487619072,False
GLD,ETF,weekday,2,long,-0.465,-0.00829,-0.008,-0.00018,0.679034271702878,False,0.5031915042004637,False
GLD,ETF,weekday,3,long,-0.277,-0.00524,-1.337,-0.03267,0.6091099469273578,False,0.9093886815817952,False
GLD,ETF,weekday,4,long,-0.431,-0.00824,2.137,0.05116,0.6667658147570998,False,0.01629899581003258,False
GLD,ETF,overnight,-,long,-0.181,-0.00405,-0.618,-0.01755,0.5718162119928942,False,0.731712330691914,False
GLD,ETF,turn_of_month,-,long,1.72,0.03254,-0.372,-0.00898,0.042716220791328974,False,0.6450535753250211,False
SLV,ETF,sma_trend,10,long,0.476,0.02042,0.625,0.03485,0.3170371889515293,False,0.26598552904870054,False
SLV,ETF,sma_trend,10,long/short,0.476,0.04084,0.695,0.07728,0.3170371889515293,False,0.24352765077984107,False
SLV,ETF,sma_trend,20,long,-0.144,-0.00614,2.159,0.12044,0.55724976518177,False,0.015425083467130674,False
SLV,ETF,sma_trend,20,long/short,-0.144,-0.01228,2.094,0.23216,0.55724976518177,False,0.018129990125074658,False
SLV,ETF,sma_trend,50,long,-0.14,-0.00597,1.019,0.05594,0.5556700048059064,False,0.15410148326362672,False
SLV,ETF,sma_trend,50,long/short,-0.14,-0.01195,0.827,0.08937,0.5556700048059064,False,0.204118530740534,False
SLV,ETF,sma_trend,100,long,-1.367,-0.05702,0.235,0.01301,0.9141873472449423,False,0.407104366610367,False
SLV,ETF,sma_trend,100,long/short,-1.367,-0.11405,0.008,0.00084,0.9141873472449423,False,0.49680849579953634,False
SLV,ETF,sma_trend,200,long,-0.953,-0.03874,0.945,0.05186,0.8297049646486987,False,0.17232943801287193,False
SLV,ETF,sma_trend,200,long/short,-0.953,-0.07747,0.986,0.10416,0.8297049646486987,False,0.1620665564289453,False
SLV,ETF,sma_cross,"(5, 20)",long,-0.967,-0.04131,0.867,0.04848,0.8332279831682811,False,0.19297100484754381,False
SLV,ETF,sma_cross,"(5, 20)",long/short,-0.967,-0.08263,0.795,0.08822,0.8332279831682811,False,0.21330675107579866,False
SLV,ETF,sma_cross,"(10, 50)",long,-0.983,-0.04175,0.403,0.02234,0.8371962806718379,False,0.34347411224566604,False
SLV,ETF,sma_cross,"(10, 50)",long/short,-0.983,-0.0835,0.204,0.02217,0.8371962806718379,False,0.4191767494551042,False
SLV,ETF,sma_cross,"(20, 100)",long,-2.113,-0.08844,-0.351,-0.0196,0.9826996160594608,False,0.6372058258006121,False
SLV,ETF,sma_cross,"(20, 100)",long/short,-2.113,-0.17688,-0.597,-0.06435,0.9826996160594608,False,0.7247463096962908,False
SLV,ETF,sma_cross,"(50, 200)",long,-1.008,-0.04073,1.006,0.05596,0.8432727688839714,False,0.1572077850312822,False
SLV,ETF,sma_cross,"(50, 200)",long/short,-1.008,-0.08145,1.058,0.11237,0.8432727688839714,False,0.14502772120163043,False
SLV,ETF,tsmom,20,long,-0.449,-0.0191,1.036,0.05787,0.6732841716789908,False,0.15010107125827743,False
SLV,ETF,tsmom,20,long/short,-0.449,-0.03819,0.963,0.10689,0.6732841716789908,False,0.16777376163418345,False
SLV,ETF,tsmom,60,long,-1.159,-0.04879,0.313,0.01748,0.8767719074772512,False,0.3771403310749243,False
SLV,ETF,tsmom,60,long/short,-1.159,-0.09757,0.107,0.01163,0.8767719074772512,False,0.45739448987786546,False
SLV,ETF,tsmom,120,long,-0.351,-0.01459,1.246,0.06902,0.6372058258006121,False,0.1063821975916528,False
SLV,ETF,tsmom,120,long/short,-0.351,-0.02919,1.134,0.1215,0.6372058258006121,False,0.1283972740038104,False
SLV,ETF,tsmom,250,long,0.018,0.00073,0.993,0.05521,0.4928194267058258,False,0.16035497723736003,False
SLV,ETF,tsmom,250,long/short,0.018,0.00147,1.029,0.10855,0.4928194267058258,False,0.151739837432192,False
SLV,ETF,donchian,20,long,-1.362,-0.05855,1.656,0.0865,0.9134010574416278,False,0.04886090941058652,False
SLV,ETF,donchian,20,long/short,-1.067,-0.07805,1.613,0.15171,0.8570140820293751,False,0.05337225389443412,False
SLV,ETF,donchian,55,long,-0.852,-0.03674,-0.448,-0.02338,0.8028929539727675,False,0.6729234016965532,False
SLV,ETF,donchian,55,long/short,-1.421,-0.10411,0.191,0.01799,0.9223416202776257,False,0.42426279657852417,False
SLV,ETF,donchian,100,long,-2.086,-0.08977,1.011,0.0523,0.9815106884690302,False,0.15600821489600847,False
SLV,ETF,donchian,100,long/short,-1.683,-0.11288,0.549,0.0509,0.9538124542882074,False,0.2915027249130375,False
SLV,ETF,rsi2,10,long,-2.065,-0.07144,-0.567,-0.02797,0.9805384998528421,False,0.7146429091921871,False
SLV,ETF,rsi2,10,long/short,-1.613,-0.09391,-1.142,-0.08404,0.9466277461055658,False,0.8732729901590157,False
SLV,ETF,rsi2,30,long,-1.506,-0.06238,0.113,0.00631,0.9339664131661687,False,0.4550152776072276,False
SLV,ETF,rsi2,30,long/short,-0.873,-0.06792,0.004,0.0004,0.8086684611398569,False,0.4984042351337684,False
SLV,ETF,rsi14,30,long,1.244,0.03694,-0.748,-0.03216,0.10674978146448555,False,0.7727699212287045,False
SLV,ETF,rsi14,30,long/short,0.753,0.04107,-1.391,-0.09245,0.22572495701024375,False,0.9178872866239531,False
SLV,ETF,bollinger,1.5,long,0.516,0.02021,-0.854,-0.04659,0.3029272046094751,False,0.8034475053075089,False
SLV,ETF,bollinger,1.5,long/short,0.701,0.051,-1.354,-0.12583,0.24165150760510168,False,0.9121318111418399,False
SLV,ETF,bollinger,2.0,long,-0.19,-0.00692,-0.736,-0.03755,0.5753454347347955,False,0.7691346511055325,False
SLV,ETF,bollinger,2.0,long/short,0.395,0.02618,-0.897,-0.0743,0.3464214439862917,False,0.8151405414875557,False
SLV,ETF,bollinger,2.5,long,-0.259,-0.00823,-0.235,-0.01033,0.602182379753678,False,0.592895633389633,False
SLV,ETF,bollinger,2.5,long/short,0.081,0.00438,-0.265,-0.01563,0.4677209762530591,False,0.604495269092554,False
SLV,ETF,weekday,0,long,-0.161,-0.00557,-1.003,-0.04425,0.5639532996795761,False,0.8420695693754723,False
SLV,ETF,weekday,1,long,-0.524,-0.01847,0.224,0.00997,0.699860730068389,False,0.4113786516169635,False
SLV,ETF,weekday,2,long,1.062,0.03557,0.552,0.0238,0.14411784259682725,False,0.29047417663514663,False
SLV,ETF,weekday,3,long,-0.828,-0.02851,-1.678,-0.07813,0.7961647500526055,False,0.9533264504928286,False
SLV,ETF,weekday,4,long,-0.957,-0.03341,0.839,0.03821,0.8307163724967899,False,0.20073465480191177,False
SLV,ETF,overnight,-,long,1.496,0.06206,0.634,0.03462,0.06732682758801078,False,0.2630404110565592,False
SLV,ETF,turn_of_month,-,long,0.682,0.0244,0.275,0.01225,0.24761947543107277,False,0.39165811915360516,False
DBC,ETF,sma_trend,10,long,0.939,0.02671,-0.229,-0.00749,0.17386537216956177,False,0.5905655419372429,False
DBC,ETF,sma_trend,10,long/short,0.939,0.05341,-0.311,-0.0203,0.17386537216956177,False,0.6220996891844188,False
DBC,ETF,sma_trend,20,long,0.036,0.00103,1.187,0.03836,0.485641179477751,False,0.11761381025368989,False
DBC,ETF,sma_trend,20,long/short,0.036,0.00206,1.155,0.07435,0.485641179477751,False,0.1240452132334503,False
DBC,ETF,sma_trend,50,long,0.513,0.0146,1.147,0.03692,0.3039756603462729,False,0.1256908104610237,False
DBC,ETF,sma_trend,50,long/short,0.513,0.02919,1.263,0.08077,0.3039756603462729,False,0.10329458985809536,False
DBC,ETF,sma_trend,100,long,0.374,0.01063,1.799,0.05735,0.354202158090699,False,0.036009340355845465,False
DBC,ETF,sma_trend,100,long/short,0.374,0.02126,1.887,0.11879,0.354202158090699,False,0.029580162825192602,False
DBC,ETF,sma_trend,200,long,-0.337,-0.00952,1.166,0.03731,0.6319415499484577,False,0.12180722273837918,False
DBC,ETF,sma_trend,200,long/short,-0.337,-0.01903,1.281,0.07995,0.6319415499484577,False,0.10009683304777695,False
DBC,ETF,sma_cross,"(5, 20)",long,-0.515,-0.01464,1.737,0.05646,0.6967234899978604,False,0.041193585434954993,False
DBC,ETF,sma_cross,"(5, 20)",long/short,-0.515,-0.02928,1.708,0.11055,0.6967234899978604,False,0.043818171238254044,False
DBC,ETF,sma_cross,"(10, 50)",long,0.951,0.02704,0.508,0.01645,0.1708021879341719,False,0.30572667160651423,False
DBC,ETF,sma_cross,"(10, 50)",long/short,0.951,0.05409,0.619,0.03984,0.1708021879341719,False,0.26795817944298517,False
DBC,ETF,sma_cross,"(20, 100)",long,0.176,0.00496,1.381,0.04456,0.4301469712233459,False,0.08363948032935464,False
DBC,ETF,sma_cross,"(20, 100)",long/short,0.176,0.00992,1.466,0.09322,0.4301469712233459,False,0.07132414342947091,False
DBC,ETF,sma_cross,"(50, 200)",long,-0.083,-0.00233,1.193,0.03849,0.5330742301924202,False,0.11643468652457023,False
DBC,ETF,sma_cross,"(50, 200)",long/short,-0.083,-0.00467,1.312,0.08231,0.5330742301924202,False,0.09476006727625852,False
DBC,ETF,tsmom,20,long,-0.182,-0.00518,1.26,0.04062,0.5722086370495298,False,0.10383468112130045,False
DBC,ETF,tsmom,20,long/short,-0.182,-0.01035,1.201,0.07711,0.5722086370495298,False,0.11487560066410252,False
DBC,ETF,tsmom,60,long,-0.158,-0.00449,1.688,0.05467,0.5627716006422585,False,0.04570561447056365,False
DBC,ETF,tsmom,60,long/short,-0.158,-0.00897,1.821,0.11687,0.5627716006422585,False,0.03430342843322898,False
DBC,ETF,tsmom,120,long,-0.185,-0.00525,1.566,0.05035,0.5733854822133744,False,0.05867430857763578,False
DBC,ETF,tsmom,120,long/short,-0.185,-0.01049,1.725,0.10907,0.5733854822133744,False,0.04226373625795232,False
DBC,ETF,tsmom,250,long,0.005,0.00016,0.416,0.01353,0.4980052969092592,False,0.3387050016078469,False
DBC,ETF,tsmom,250,long/short,0.005,0.00031,0.549,0.03428,0.4980052969092592,False,0.2915027249130375,False
DBC,ETF,donchian,20,long,-0.149,-0.00407,1.333,0.04048,0.5592231835176593,False,0.09126590190044159,False
DBC,ETF,donchian,20,long/short,0.388,0.01898,1.663,0.09429,0.3490080168015711,False,0.048156217746822993,False
DBC,ETF,donchian,55,long,0.848,0.02335,0.491,0.0148,0.19821898536604765,False,0.31171322377571387,False
DBC,ETF,donchian,55,long/short,0.459,0.02241,1.105,0.06278,0.3231170830389708,False,0.13457979456439606,False
DBC,ETF,donchian,100,long,0.217,0.00605,1.583,0.04876,0.4141041724696519,False,0.05671073219474754,False
DBC,ETF,donchian,100,long/short,0.212,0.0106,1.8,0.10431,0.41605351716122063,False,0.03593031911292577,False
DBC,ETF,rsi2,10,long,-0.784,-0.0194,-1.508,-0.04305,0.7834799448465579,False,0.9342227364917626,False
DBC,ETF,rsi2,10,long/short,-0.841,-0.03279,-0.812,-0.03354,0.7998260327922564,False,0.7916041842533688,False
DBC,ETF,rsi2,30,long,-2.753,-0.07729,-0.181,-0.0059,0.9970474051877737,False,0.5718162119928942,False
DBC,ETF,rsi2,30,long/short,-2.204,-0.11323,-0.277,-0.01573,0.986237827956559,False,0.6091099469273578,False
DBC,ETF,rsi14,30,long,-0.538,-0.0128,-1.058,-0.03269,0.7047114757040099,False,0.8549722787983696,False
DBC,ETF,rsi14,30,long/short,-0.345,-0.01243,-0.578,-0.02517,0.6349528146341984,False,0.71836794038374,False
DBC,ETF,bollinger,1.5,long,-0.733,-0.02011,-1.639,-0.05322,0.7682207853025955,False,0.9493933701531961,False
DBC,ETF,bollinger,1.5,long/short,-0.467,-0.02215,-1.6,-0.08769,0.6797500609641915,False,0.945200708300442,False
DBC,ETF,bollinger,2.0,long,-0.145,-0.00377,-1.336,-0.04209,0.5576445641049235,False,0.9092253633477508,False
DBC,ETF,bollinger,2.0,long/short,0.044,0.00188,-1.186,-0.05908,0.48245220193445026,False,0.8821888502380139,False
DBC,ETF,bollinger,2.5,long,0.584,0.01216,-1.573,-0.04552,0.27961015601934924,False,0.9421405908935983,False
DBC,ETF,bollinger,2.5,long/short,1.4,0.04091,-1.042,-0.03585,0.08075665923377118,False,0.8512941605263182,False
DBC,ETF,weekday,0,long,-0.852,-0.01984,-2.377,-0.06477,0.8028929539727675,False,0.9912729559363818,False
DBC,ETF,weekday,1,long,-0.887,-0.02064,-1.124,-0.02869,0.8124605497583973,False,0.8694934870274396,False
DBC,ETF,weekday,2,long,-0.332,-0.00792,0.764,0.02027,0.6300553704966316,False,0.22243362129945354,False
DBC,ETF,weekday,3,long,-0.965,-0.02025,0.475,0.01287,0.8327275941086049,False,0.3173934866412591,False
DBC,ETF,weekday,4,long,0.825,0.01826,0.403,0.00993,0.20468579534725262,False,0.34347411224566604,False
DBC,ETF,overnight,-,long,-0.026,-0.00074,-1.284,-0.04455,0.5103713307740072,False,0.9004290222897758,False
DBC,ETF,turn_of_month,-,long,-0.794,-0.01882,0.357,0.00971,0.7864022843256198,False,0.36054590286747346,False
USO,ETF,sma_trend,10,long,1.264,0.07642,-0.083,-0.00448,0.10311501347578145,False,0.5330742301924202,False
USO,ETF,sma_trend,10,long/short,1.264,0.15283,-0.039,-0.00416,0.10311501347578145,False,0.5155548056924939,False
USO,ETF,sma_trend,20,long,-0.073,-0.00432,0.26,0.01373,0.5290969412439097,False,0.3974318867982395,False
USO,ETF,sma_trend,20,long/short,-0.073,-0.00864,0.266,0.02811,0.5290969412439097,False,0.3951196045113149,False
USO,ETF,sma_trend,50,long,-0.646,-0.03802,1.778,0.09084,0.7408603222944731,False,0.037701927443980265,False
USO,ETF,sma_trend,50,long/short,-0.646,-0.07603,1.761,0.17965,0.7408603222944731,False,0.03911920149973536,False
USO,ETF,sma_trend,100,long,-0.07,-0.00412,1.592,0.07974,0.5279031701805211,False,0.05569235227600755,False
USO,ETF,sma_trend,100,long/short,-0.07,-0.00824,1.584,0.15821,0.5279031701805211,False,0.05659685954874627,False
USO,ETF,sma_trend,200,long,-0.86,-0.05047,1.218,0.05907,0.8051054787481916,False,0.1116119863725209,False
USO,ETF,sma_trend,200,long/short,-0.86,-0.10093,0.883,0.08537,0.8051054787481916,False,0.18861813575583675,False
USO,ETF,sma_cross,"(5, 20)",long,0.416,0.02503,1.633,0.08642,0.3387050016078469,False,0.05123449833431226,False
USO,ETF,sma_cross,"(5, 20)",long/short,0.416,0.05005,1.641,0.17349,0.3387050016078469,False,0.05039870759759546,False
USO,ETF,sma_cross,"(10, 50)",long,0.42,0.02473,1.406,0.07221,0.3372427268482495,False,0.07986206238578486,False
USO,ETF,sma_cross,"(10, 50)",long/short,0.42,0.04946,1.389,0.14239,0.3372427268482495,False,0.08241637502408494,False
USO,ETF,sma_cross,"(20, 100)",long,0.123,0.00721,0.603,0.03078,0.4510535489835632,False,0.27325434460573084,False
USO,ETF,sma_cross,"(20, 100)",long/short,0.123,0.01443,0.593,0.06028,0.4510535489835632,False,0.27659057612764215,False
USO,ETF,sma_cross,"(50, 200)",long,-0.454,-0.02728,0.966,0.04881,0.6750855866028258,False,0.16702209051761852,False
USO,ETF,sma_cross,"(50, 200)",long/short,-0.454,-0.05455,0.647,0.06486,0.6750855866028258,False,0.2588159717378703,False
USO,ETF,tsmom,20,long,1.061,0.06255,1.065,0.0554,0.14434495058565266,False,0.1434379648767511,False
USO,ETF,tsmom,20,long/short,1.061,0.12509,1.08,0.11227,0.14434495058565266,False,0.14007109008876906,False
USO,ETF,tsmom,60,long,0.195,0.01159,1.754,0.09026,0.4226964738106549,False,0.03971525357297867,False
USO,ETF,tsmom,60,long/short,0.195,0.02318,1.822,0.187,0.4226964738106549,False,0.03422749282527793,False
USO,ETF,tsmom,120,long,0.034,0.00204,1.349,0.06783,0.486438575351159,False,0.08866848304546515,False
USO,ETF,tsmom,120,long/short,0.034,0.00407,1.217,0.12206,0.486438575351159,False,0.11180210792944423,False
USO,ETF,tsmom,250,long,-0.169,-0.00985,0.045,0.00217,0.5671016793004424,False,0.48205365447786097,False
USO,ETF,tsmom,250,long/short,-0.169,-0.01971,-0.146,-0.0141,0.5671016793004424,False,0.5580393057863879,False
USO,ETF,donchian,20,long,1.039,0.05538,0.582,0.02712,0.1494023681333072,False,0.2802833404376439,False
USO,ETF,donchian,20,long/short,1.008,0.10421,0.883,0.07928,0.1567272311160286,False,0.18861813575583675,False
USO,ETF,donchian,55,long,0.504,0.02707,0.962,0.04274,0.3071306884915911,False,0.16802480196774705,False
USO,ETF,donchian,55,long/short,0.298,0.03109,1.321,0.11646,0.38285158181168544,False,0.09325068210951049,False
USO,ETF,donchian,100,long,0.304,0.01634,1.623,0.07567,0.3805639455784072,False,0.05229470243386303,False
USO,ETF,donchian,100,long/short,0.515,0.05366,1.516,0.13966,0.3032765100021396,False,0.0647596762031547,False
USO,ETF,rsi2,10,long,-1.029,-0.05945,-0.284,-0.01352,0.848260162567808,False,0.611794809678669,False
USO,ETF,rsi2,10,long/short,-0.343,-0.02915,-0.545,-0.0372,0.6342007699223756,False,0.7071232411941949,False
USO,ETF,rsi2,30,long,-2.306,-0.14327,0.375,0.02045,0.989444683832181,False,0.35383023332727626,False
USO,ETF,rsi2,30,long/short,-1.656,-0.18443,0.099,0.00937,0.9511390905894135,False,0.46056913505257324,False
USO,ETF,rsi14,30,long,-1.322,-0.08078,-0.913,-0.04775,0.9069159245416514,False,0.819378729229794,False
USO,ETF,rsi14,30,long/short,-0.919,-0.07235,-0.758,-0.05009,0.8209522138993907,False,0.7757745086334836,False
USO,ETF,bollinger,1.5,long,0.08,0.00496,-1.394,-0.07628,0.46811862798601267,False,0.9183411976775191,False
USO,ETF,bollinger,1.5,long/short,-0.369,-0.0366,-1.313,-0.11431,0.6439361376133672,False,0.9054085259133361,False
USO,ETF,bollinger,2.0,long,0.04,0.00246,-1.315,-0.07005,0.4840465631471692,False,0.9057450487619072,False
USO,ETF,bollinger,2.0,long/short,-0.071,-0.00638,-0.898,-0.06762,0.5283011222538723,False,0.8154072252677512,False
USO,ETF,bollinger,2.5,long,0.191,0.01082,-1.339,-0.05751,0.42426279657852417,False,0.9097146635468911,False
USO,ETF,bollinger,2.5,long/short,0.441,0.03096,-0.758,-0.03909,0.329606498496507,False,0.7757745086334836,False
USO,ETF,weekday,0,long,-1.22,-0.06496,-2.63,-0.11507,0.8887675625521654,False,0.9957307565909106,False
USO,ETF,weekday,1,long,-1.236,-0.06269,-0.71,-0.03035,0.8917707181668116,False,0.7611479319100133,False
USO,ETF,weekday,2,long,-0.024,-0.00124,1.202,0.05588,0.5095736956460306,False,0.11468176404410912,False
USO,ETF,weekday,3,long,0.638,0.02918,0.79,0.03507,0.2617368400444795,False,0.214763884163637,False
USO,ETF,weekday,4,long,1.053,0.04932,0.099,0.00408,0.14617049603938015,False,0.46056913505257324,False
USO,ETF,overnight,-,long,0.75,0.04476,-3.297,-0.1724,0.22662735237686826,False,0.9995113824938359,False
USO,ETF,turn_of_month,-,long,-0.079,-0.00398,0.889,0.0412,0.5314836884676253,False,0.18700153990208856,False
UNG,ETF,sma_trend,10,long,0.136,0.01165,-0.881,-0.06288,0.4459106404823401,False,0.8108410900047762,False
UNG,ETF,sma_trend,10,long/short,0.136,0.0233,-0.869,-0.12388,0.4459106404823401,False,0.8075764346151973,False
UNG,ETF,sma_trend,20,long,-0.35,-0.03001,-0.699,-0.04904,0.636830651175619,False,0.757723984581248,False
UNG,ETF,sma_trend,20,long/short,-0.35,-0.06002,-0.667,-0.09346,0.636830651175619,False,0.7476139332890817,False
UNG,ETF,sma_trend,50,long,0.607,0.05175,-0.799,-0.05371,0.27192545607022134,False,0.787854794004625,False
UNG,ETF,sma_trend,50,long/short,0.607,0.1035,-0.864,-0.11588,0.27192545607022134,False,0.8062060547234208,False
UNG,ETF,sma_trend,100,long,0.307,0.02594,0.097,0.00582,0.3794216861102565,False,0.46136319722522656,False
UNG,ETF,sma_trend,100,long/short,0.307,0.05188,-0.102,-0.01224,0.3794216861102565,False,0.5406216624575756,False
UNG,ETF,sma_trend,200,long,0.304,0.0256,0.936,0.04816,0.3805639455784072,False,0.1746365938565806,False
UNG,ETF,sma_trend,200,long/short,0.304,0.0512,1.013,0.10706,0.3805639455784072,False,0.15553008046452665,False
UNG,ETF,sma_cross,"(5, 20)",long,-0.738,-0.06337,-0.444,-0.03097,0.7697427754349283,False,0.6714787080441088,False
UNG,ETF,sma_cross,"(5, 20)",long/short,-0.738,-0.12675,-0.411,-0.05731,0.7697427754349283,False,0.6594637326490373,False
UNG,ETF,sma_cross,"(10, 50)",long,0.301,0.02565,0.378,0.02503,0.3817072472615891,False,0.3527152969878239,False
UNG,ETF,sma_cross,"(10, 50)",long/short,0.301,0.0513,0.315,0.04159,0.3817072472615891,False,0.3763808269325486,False
UNG,ETF,sma_cross,"(20, 100)",long,-0.273,-0.02311,0.092,0.0055,0.6075733922130369,False,0.4633490197964505,False
UNG,ETF,sma_cross,"(20, 100)",long/short,-0.273,-0.04622,-0.107,-0.01288,0.6075733922130369,False,0.5426055101221345,False
UNG,ETF,sma_cross,"(50, 200)",long,1.004,0.08432,0.155,0.00831,0.1576893067940187,False,0.4384106586527532,False
UNG,ETF,sma_cross,"(50, 200)",long/short,1.004,0.16864,0.251,0.02737,0.1576893067940187,False,0.40090705459419307,False
UNG,ETF,tsmom,20,long,0.806,0.0692,-0.503,-0.03484,0.21012142455006366,False,0.6925178639207352,False
UNG,ETF,tsmom,20,long/short,0.806,0.13839,-0.463,-0.06408,0.21012142455006366,False,0.6783178164481344,False
UNG,ETF,tsmom,60,long,-0.262,-0.02225,0.186,0.01156,0.6033392789055069,False,0.42622238066427276,False
UNG,ETF,tsmom,60,long/short,-0.262,-0.04451,0.081,0.01011,0.6033392789055069,False,0.4677209762530591,False
UNG,ETF,tsmom,120,long,0.801,0.06818,0.113,0.00621,0.211565822924615,False,0.4550152776072276,False
UNG,ETF,tsmom,120,long/short,0.801,0.13635,0.082,0.00907,0.211565822924615,False,0.4673233567285886,False
UNG,ETF,tsmom,250,long,0.345,0.02933,0.328,0.01734,0.3650471853658016,False,0.3714558313117371,False
UNG,ETF,tsmom,250,long/short,0.345,0.05865,0.752,0.08148,0.3650471853658016,False,0.22602552939400333,False
UNG,ETF,donchian,20,long,-0.197,-0.01622,-1.29,-0.08192,0.5780862311088356,False,0.9014746709502521,False
UNG,ETF,donchian,20,long/short,0.097,0.01424,-0.519,-0.06246,0.46136319722522656,False,0.6981196293746188,False
UNG,ETF,donchian,55,long,0.267,0.02135,0.625,0.03533,0.39473458054517274,False,0.26598552904870054,False
UNG,ETF,donchian,55,long/short,-0.459,-0.06804,0.724,0.08147,0.6768829169610292,False,0.23453286753621683,False
UNG,ETF,donchian,100,long,0.153,0.01177,1.501,0.07756,0.43919913764520124,False,0.0666777807843999,False
UNG,ETF,donchian,100,long/short,-0.376,-0.05436,1.162,0.12432,0.6465415519905195,False,0.1226177324663168,False
UNG,ETF,rsi2,10,long,0.895,0.06191,-0.155,-0.00941,0.18539354398839458,False,0.5615893413472468,False
UNG,ETF,rsi2,10,long/short,0.307,0.0339,0.716,0.0639,0.3794216861102565,False,0.2369956744570716,False
UNG,ETF,rsi2,30,long,-0.086,-0.00721,0.22,0.01577,0.5342667913863655,False,0.41293557735178543,False
UNG,ETF,rsi2,30,long/short,-0.376,-0.05732,0.558,0.07162,0.6465415519905195,False,0.288422192085104,False
UNG,ETF,rsi14,30,long,2.771,0.16564,0.166,0.01099,0.002794221340764791,False,0.43407847508611463,False
UNG,ETF,rsi14,30,long/short,1.828,0.18749,0.012,0.00103,0.03377477582313504,False,0.49521280752807784,False
UNG,ETF,bollinger,1.5,long,0.805,0.06549,-0.073,-0.00527,0.21040983989356365,False,0.5290969412439097,False
UNG,ETF,bollinger,1.5,long/short,0.644,0.091,0.237,0.02781,0.25978771699667924,False,0.40632839512879726,False
UNG,ETF,bollinger,2.0,long,0.666,0.04759,-0.316,-0.02148,0.25270555020079977,False,0.6239987459332932,False
UNG,ETF,bollinger,2.0,long/short,0.448,0.05434,-0.236,-0.02406,0.3270765983034468,False,0.5932836649127313,False
UNG,ETF,bollinger,2.5,long,0.172,0.00817,-0.696,-0.03488,0.4317187644991729,False,0.7567855851259457,False
UNG,ETF,bollinger,2.5,long/short,0.258,0.02061,0.096,0.00615,0.3982034536122978,False,0.46176028628184207,False
UNG,ETF,weekday,0,long,1.933,0.14876,0.699,0.0424,0.026618098900608067,False,0.242276015418752,False
UNG,ETF,weekday,1,long,-1.338,-0.09153,0.471,0.02521,0.9095517816052852,False,0.31882036745164777,False
UNG,ETF,weekday,2,long,0.341,0.02324,0.529,0.02909,0.3665517908689424,False,0.2984027249415895,False
UNG,ETF,weekday,3,long,-1.735,-0.11683,-1.766,-0.11453,0.9586295973948539,False,0.9613020755661883,False
UNG,ETF,weekday,4,long,-0.237,-0.01405,-0.641,-0.03256,0.5936716048712027,False,0.7392386585193342,False
UNG,ETF,overnight,-,long,-0.613,-0.05057,-1.504,-0.09769,0.7300618301391995,False,0.933709316631107,False
UNG,ETF,turn_of_month,-,long,-0.023,-0.00166,-0.052,-0.00302,0.5091748635249679,False,0.5207356532922802,False
VNQ,ETF,sma_trend,10,long,-0.216,-0.00704,-1.675,-0.08487,0.5855061262175559,False,0.9530328841692541,False
VNQ,ETF,sma_trend,10,long/short,-0.216,-0.01408,-1.65,-0.16719,0.5855061262175559,False,0.9505285319663519,False
VNQ,ETF,sma_trend,20,long,1.073,0.03517,-0.788,-0.03953,0.14163555806541495,False,0.7846516470580507,False
VNQ,ETF,sma_trend,20,long/short,1.073,0.07033,-0.743,-0.07456,0.14163555806541495,False,0.7712591597843816,False
VNQ,ETF,sma_trend,50,long,-0.414,-0.01336,-1.282,-0.06132,0.660562946583449,False,0.9000786768866171,False
VNQ,ETF,sma_trend,50,long/short,-0.414,-0.02671,-1.174,-0.11225,0.660562946583449,False,0.8798024871870146,False
VNQ,ETF,sma_trend,100,long,-0.406,-0.013,-0.023,-0.00105,0.6576286997932852,False,0.5091748635249679,False
VNQ,ETF,sma_trend,100,long/short,-0.406,-0.02601,0.078,0.00717,0.6576286997932852,False,0.46891402649697533,False
VNQ,ETF,sma_trend,200,long,-0.179,-0.00567,0.39,0.01678,0.5710311491532578,False,0.3482682734640177,False
VNQ,ETF,sma_trend,200,long/short,-0.179,-0.01134,0.619,0.0533,0.5710311491532578,False,0.26795817944298517,False
VNQ,ETF,sma_cross,"(5, 20)",long,-0.362,-0.01186,0.618,0.03104,0.6413239847794237,False,0.268287669308086,False
VNQ,ETF,sma_cross,"(5, 20)",long/short,-0.362,-0.02372,0.663,0.06659,0.6413239847794237,False,0.2536652770386165,False
VNQ,ETF,sma_cross,"(10, 50)",long,0.168,0.00548,0.564,0.027,0.4332916395394155,False,0.2863770660711633,False
VNQ,ETF,sma_cross,"(10, 50)",long/short,0.168,0.01097,0.673,0.0644,0.4332916395394155,False,0.2504736454609695,False
VNQ,ETF,sma_cross,"(20, 100)",long,-1.321,-0.04406,1.011,0.0458,0.9067493178904895,False,0.15600821489600847,False
VNQ,ETF,sma_cross,"(20, 100)",long/short,-1.321,-0.08812,1.114,0.10086,0.9067493178904895,False,0.13263959332622122,False
VNQ,ETF,sma_cross,"(50, 200)",long,-1.871,-0.06281,1.309,0.05737,0.9693274594908234,False,0.095267175367445,False
VNQ,ETF,sma_cross,"(50, 200)",long/short,-1.871,-0.12563,1.535,0.13447,0.9693274594908234,False,0.06239191401912314,False
VNQ,ETF,tsmom,20,long,-0.034,-0.00108,-0.356,-0.01757,0.513561424648841,False,0.6390797174095553,False
VNQ,ETF,tsmom,20,long/short,-0.034,-0.00215,-0.3,-0.02959,0.513561424648841,False,0.6179114221889526,False
VNQ,ETF,tsmom,60,long,0.314,0.01002,0.34,0.01558,0.37676051938266675,False,0.36692826396397193,False
VNQ,ETF,tsmom,60,long/short,0.314,0.02003,0.476,0.04362,0.37676051938266675,False,0.3170371889515293,False
VNQ,ETF,tsmom,120,long,0.129,0.00418,1.426,0.06309,0.4486788244145059,False,0.07693417102830502,False
VNQ,ETF,tsmom,120,long/short,0.129,0.00836,1.484,0.13127,0.4486788244145059,False,0.06890446029551911,False
VNQ,ETF,tsmom,250,long,-0.37,-0.01202,0.97,0.04243,0.6443087548005467,False,0.16602324606352958,False
VNQ,ETF,tsmom,250,long/short,-0.37,-0.02404,1.184,0.10357,0.6443087548005467,False,0.11820653140911919,False
VNQ,ETF,donchian,20,long,-0.457,-0.01318,0.356,0.01675,0.6761644772484725,False,0.36092028259044473,False
VNQ,ETF,donchian,20,long/short,-0.17,-0.00947,-0.245,-0.02172,0.5674949316750384,False,0.5967717843205245,False
VNQ,ETF,donchian,55,long,-0.459,-0.01387,-0.135,-0.00557,0.6768829169610292,False,0.5536940628343817,False
VNQ,ETF,donchian,55,long/short,-0.375,-0.02195,0.505,0.04183,0.6461697666727237,False,0.30677941798885766,False
VNQ,ETF,donchian,100,long,-0.522,-0.0146,0.864,0.03249,0.6991648347076549,False,0.19379394527657923,False
VNQ,ETF,donchian,100,long/short,-0.956,-0.05224,1.045,0.08067,0.8304638827560311,False,0.14801148476136605,False
VNQ,ETF,rsi2,10,long,0.576,0.01665,1.04,0.04259,0.28230759079654555,False,0.14916995033098135,False
VNQ,ETF,rsi2,10,long/short,0.31,0.01302,1.639,0.09481,0.3782804781779807,False,0.05060662984680386,False
VNQ,ETF,rsi2,30,long,-0.528,-0.0178,2.127,0.10761,0.7012503320273853,False,0.016710041596645908,False
VNQ,ETF,rsi2,30,long/short,-0.581,-0.03344,2.592,0.22933,0.7193797732258038,False,0.004770988579621882,False
VNQ,ETF,rsi14,30,long,-0.446,-0.01472,-0.07,-0.0032,0.6722013770368866,False,0.5279031701805211,False
VNQ,ETF,rsi14,30,long/short,-0.003,-0.00015,-0.33,-0.01821,0.5011968250459664,False,0.6293000189406535,False
VNQ,ETF,bollinger,1.5,long,-0.426,-0.01437,0.64,0.03246,0.664946076995224,False,0.26108629969286157,False
VNQ,ETF,bollinger,1.5,long/short,-0.459,-0.02617,0.434,0.03793,0.6768829169610292,False,0.3321442205263174,False
VNQ,ETF,bollinger,2.0,long,-0.295,-0.00997,0.925,0.04563,0.6160030601464654,False,0.1774829537232323,False
VNQ,ETF,bollinger,2.0,long/short,-0.068,-0.00339,0.918,0.06812,0.5271071828570227,False,0.1793094329298085,False
VNQ,ETF,bollinger,2.5,long,-0.242,-0.00784,0.167,0.00659,0.5956099183852002,False,0.4336850244623838,False
VNQ,ETF,bollinger,2.5,long/short,0.297,0.01156,0.45,0.01967,0.3832332545680749,False,0.3263552202879201,False
VNQ,ETF,weekday,0,long,-1.074,-0.0314,-1.297,-0.05581,0.8585886592247687,False,0.9026844066008697,False
VNQ,ETF,weekday,1,long,0.518,0.01312,0.78,0.0338,0.3022291346653543,False,0.21769543758573318,False
VNQ,ETF,weekday,2,long,-1.793,-0.05001,-0.493,-0.01921,0.9635135379638097,False,0.6889937063295628,False
VNQ,ETF,weekday,3,long,-0.6,-0.01622,-0.916,-0.03659,0.7257468822499265,False,0.8201665525470694,False
VNQ,ETF,weekday,4,long,1.364,0.03411,0.737,0.02743,0.08628378283479221,False,0.2305611746828763,False
VNQ,ETF,overnight,-,long,0.204,0.0056,3.58,0.1349,0.4191767494551042,False,0.00017179710374592982,False
VNQ,ETF,turn_of_month,-,long,0.158,0.00391,0.172,0.00671,0.4372283993577415,False,0.4317187644991729,False
SMH,ETF,sma_trend,10,long,-0.261,-0.01348,-2.146,-0.09747,0.6029537463721915,False,0.9840635106521526,False
SMH,ETF,sma_trend,10,long/short,-0.261,-0.02697,-2.167,-0.19658,0.6029537463721915,False,0.9848825729393575,False
SMH,ETF,sma_trend,20,long,-0.145,-0.00748,-0.953,-0.04267,0.5576445641049235,False,0.8297049646486987,False
SMH,ETF,sma_trend,20,long/short,-0.145,-0.01497,-0.987,-0.08819,0.5576445641049235,False,0.8381786807009703,False
SMH,ETF,sma_trend,50,long,0.378,0.01956,-1.285,-0.0557,0.3527152969878239,False,0.9006038579848944,False
SMH,ETF,sma_trend,50,long/short,0.378,0.03912,-1.368,-0.11806,0.3527152969878239,False,0.9143439619462183,False
SMH,ETF,sma_trend,100,long,-0.1,-0.00516,0.35,0.0147,0.539827837277029,False,0.363169348824381,False
SMH,ETF,sma_trend,100,long/short,-0.1,-0.01032,0.046,0.00383,0.539827837277029,False,0.4816551249555021,False
SMH,ETF,sma_trend,200,long,1.371,0.06983,0.419,0.01615,0.08518747801817694,False,0.33760806617587646,False
SMH,ETF,sma_trend,200,long/short,1.371,0.13965,-0.213,-0.01627,0.08518747801817694,False,0.584336518658753,False
SMH,ETF,sma_cross,"(5, 20)",long,0.229,0.01187,-2.428,-0.10818,0.40943445806275713,False,0.9924088283623858,False
SMH,ETF,sma_cross,"(5, 20)",long/short,0.229,0.02373,-2.466,-0.21921,0.40943445806275713,False,0.9931684332880761,False
SMH,ETF,sma_cross,"(10, 50)",long,-0.16,-0.00829,0.311,0.01335,0.5635594628914329,False,0.3779003108155812,False
SMH,ETF,sma_cross,"(10, 50)",long/short,-0.16,-0.01659,0.234,0.02005,0.5635594628914329,False,0.4074924893315809,False
SMH,ETF,sma_cross,"(20, 100)",long,0.704,0.03619,1.186,0.05011,0.2407163868044414,False,0.11781114976198626,False
SMH,ETF,sma_cross,"(20, 100)",long/short,0.704,0.07237,0.894,0.07464,0.2407163868044414,False,0.18566094557883628,False
SMH,ETF,sma_cross,"(50, 200)",long,0.562,0.02654,1.21,0.04812,0.2870580095548326,False,0.11313944644397722,False
SMH,ETF,sma_cross,"(50, 200)",long/short,0.562,0.05308,0.611,0.04767,0.2870580095548326,False,0.27059979015793156,False
SMH,ETF,tsmom,20,long,0.383,0.01973,-1.499,-0.06676,0.35085988203854823,False,0.9330631839703025,False
SMH,ETF,tsmom,20,long/short,0.383,0.03946,-1.518,-0.13491,0.35085988203854823,False,0.9354928006675168,False
SMH,ETF,tsmom,60,long,0.343,0.01776,-0.061,-0.00255,0.3657992300776244,False,0.5243203954714286,False
SMH,ETF,tsmom,60,long/short,0.343,0.03552,-0.056,-0.00473,0.3657992300776244,False,0.5223290964185991,False
SMH,ETF,tsmom,120,long,-0.305,-0.0152,1.073,0.04284,0.619816923840165,False,0.14163555806541495,False
SMH,ETF,tsmom,120,long/short,-0.305,-0.0304,0.638,0.0507,0.619816923840165,False,0.2617368400444795,False
SMH,ETF,tsmom,250,long,-0.734,-0.03457,0.965,0.03636,0.7685256309582623,False,0.16727240589139514,False
SMH,ETF,tsmom,250,long/short,-0.734,-0.06915,0.458,0.034,0.7685256309582623,False,0.32347622063391035,False
SMH,ETF,donchian,20,long,0.959,0.04722,-1.724,-0.06848,0.16877937259391063,False,0.9576460784185623,False
SMH,ETF,donchian,20,long/short,0.653,0.0594,-2.327,-0.17653,0.2568781392585108,False,0.9900173673754576,False
SMH,ETF,donchian,55,long,-0.072,-0.00356,-0.471,-0.01735,0.5286990460736316,False,0.6811796325483522,False
SMH,ETF,donchian,55,long/short,0.356,0.03207,-0.55,-0.04006,0.36092028259044473,False,0.7088403132116536,False
SMH,ETF,donchian,100,long,0.933,0.04765,1.013,0.03493,0.17540998417580478,False,0.15553008046452665,False
SMH,ETF,donchian,100,long/short,1.058,0.09652,0.793,0.05509,0.14502772120163043,False,0.2138889113905753,False
SMH,ETF,rsi2,10,long,1.554,0.06358,1.867,0.0712,0.06009220831436535,False,0.0309507939257867,False
SMH,ETF,rsi2,10,long/short,1.849,0.11383,2.551,0.13845,0.032228906359057286,False,0.005370716290687305,False
SMH,ETF,rsi2,30,long,1.988,0.10167,1.984,0.09097,0.023405844986443047,False,0.02362791996579816,False
SMH,ETF,rsi2,30,long/short,1.39,0.12291,2.279,0.18419,0.08226443867766897,False,0.011333532650383393,False
SMH,ETF,rsi14,30,long,-0.057,-0.00225,0.155,0.00675,0.5227274024286156,False,0.4384106586527532,False
SMH,ETF,rsi14,30,long/short,-0.29,-0.01741,0.491,0.0242,0.6140918811988774,False,0.31171322377571387,False
SMH,ETF,bollinger,1.5,long,-0.441,-0.02259,1.416,0.06494,0.670393501503493,False,0.07838775223118621,False
SMH,ETF,bollinger,1.5,long/short,-0.511,-0.04547,1.834,0.1331,0.6953244716134648,False,0.03332699707536557,False
SMH,ETF,bollinger,2.0,long,-0.12,-0.00599,1.445,0.06323,0.5477584260205839,False,0.07422894281869352,False
SMH,ETF,bollinger,2.0,long/short,-0.178,-0.0141,2.212,0.14036,0.5706385121298834,False,0.01348333246704947,False
SMH,ETF,bollinger,2.5,long,0.569,0.01995,-0.218,-0.00626,0.2846780699717789,False,0.5862854442871369,False
SMH,ETF,bollinger,2.5,long/short,0.747,0.03528,0.058,0.00202,0.22753178041744382,False,0.4768743142641616,False
SMH,ETF,weekday,0,long,0.597,0.02414,-0.854,-0.02903,0.27525369030370916,False,0.8034475053075089,False
SMH,ETF,weekday,1,long,0.494,0.01938,-0.891,-0.03279,0.3106530897426447,False,0.8135354148828998,False
SMH,ETF,weekday,2,long,0.054,0.00233,1.128,0.04431,0.4784675821216102,False,0.12965995957034826,False
SMH,ETF,weekday,3,long,-0.707,-0.03116,0.983,0.03815,0.7602167611066722,False,0.16280371932816207,False
SMH,ETF,weekday,4,long,-1.631,-0.06509,-2.032,-0.07102,0.9485548402449568,False,0.9789231720266863,False
SMH,ETF,overnight,-,long,1.39,0.06733,-0.252,-0.01115,0.08226443867766897,False,0.5994794680993254,False
SMH,ETF,turn_of_month,-,long,-0.483,-0.01945,0.657,0.02452,0.68545213188935,False,0.2555904582313845,False
XLB,ETF,sma_trend,10,long,0.14,0.00465,-1.088,-0.03294,0.44432999519409355,False,0.8617024462329783,False
XLB,ETF,sma_trend,10,long/short,0.14,0.0093,-1.012,-0.06126,0.44432999519409355,False,0.8442309732877231,False
XLB,ETF,sma_trend,20,long,0.957,0.03159,-0.613,-0.01844,0.16928362750321013,False,0.7300618301391995,False
XLB,ETF,sma_trend,20,long/short,0.957,0.06317,-0.589,-0.03536,0.16928362750321013,False,0.7220693631955969,False
XLB,ETF,sma_trend,50,long,-0.018,-0.0006,-0.693,-0.02076,0.5071805732941742,False,0.7558452242470381,False
XLB,ETF,sma_trend,50,long/short,-0.018,-0.00121,-0.669,-0.03994,0.5071805732941742,False,0.7482522610185718,False
XLB,ETF,sma_trend,100,long,-0.185,-0.00611,-0.243,-0.00728,0.5733854822133744,False,0.5959973012743479,False
XLB,ETF,sma_trend,100,long/short,-0.185,-0.01222,-0.007,-0.00039,0.5733854822133744,False,0.5027925731567773,False
XLB,ETF,sma_trend,200,long,-0.236,-0.00785,-0.754,-0.0225,0.5932836649127313,False,0.7745753891277221,False
XLB,ETF,sma_trend,200,long/short,-0.236,-0.01571,-0.652,-0.03842,0.5932836649127313,False,0.7427994138010756,False
XLB,ETF,sma_cross,"(5, 20)",long,0.262,0.00873,-1.927,-0.05776,0.39666072109449313,False,0.9730101850322973,False
XLB,ETF,sma_cross,"(5, 20)",long/short,0.262,0.01747,-1.904,-0.11399,0.39666072109449313,False,0.9715449079086422,False
XLB,ETF,sma_cross,"(10, 50)",long,-0.168,-0.00556,0.037,0.00112,0.5667083604605845,False,0.48524250287087534,False
XLB,ETF,sma_cross,"(10, 50)",long/short,-0.168,-0.01112,0.063,0.00381,0.5667083604605845,False,0.474883252161327,False
XLB,ETF,sma_cross,"(20, 100)",long,-0.94,-0.0312,0.592,0.01789,0.8263912196613754,False,0.27692529419708367,False
XLB,ETF,sma_cross,"(20, 100)",long/short,-0.94,-0.0624,0.833,0.04994,0.8263912196613754,False,0.20242236463972352,False
XLB,ETF,sma_cross,"(50, 200)",long,-1.074,-0.03581,0.52,0.01576,0.8585886592247687,False,0.3015317875469662,False
XLB,ETF,sma_cross,"(50, 200)",long/short,-1.074,-0.07162,0.639,0.0381,0.8585886592247687,False,0.26141146594486164,False
XLB,ETF,tsmom,20,long,0.332,0.01093,-1.03,-0.03091,0.36994462950336837,False,0.8484949972116562,False
XLB,ETF,tsmom,20,long/short,0.332,0.02186,-1.026,-0.06148,0.36994462950336837,False,0.8475542079671885,False
XLB,ETF,tsmom,60,long,-0.294,-0.00971,-0.178,-0.00536,0.6156210483141691,False,0.5706385121298834,False
XLB,ETF,tsmom,60,long/short,-0.294,-0.01943,-0.116,-0.00694,0.6156210483141691,False,0.5461737291019273,False
XLB,ETF,tsmom,120,long,-0.257,-0.00851,-0.624,-0.01871,0.6014106134638838,False,0.7336862074657975,False
XLB,ETF,tsmom,120,long/short,-0.257,-0.01702,-0.403,-0.02392,0.6014106134638838,False,0.656525887754334,False
XLB,ETF,tsmom,250,long,-0.008,-0.00026,0.074,0.00225,0.5031915042004637,False,0.470505192631097,False
XLB,ETF,tsmom,250,long/short,-0.008,-0.00053,0.214,0.01277,0.5031915042004637,False,0.41527352859004896,False
XLB,ETF,donchian,20,long,-0.04,-0.0012,-0.159,-0.00435,0.5159534368528307,False,0.5631655630843674,False
XLB,ETF,donchian,20,long/short,0.471,0.02703,-0.784,-0.03996,0.31882036745164777,False,0.7834799448465579,False
XLB,ETF,donchian,55,long,-0.799,-0.02307,-0.826,-0.02304,0.787854794004625,False,0.7955979540962316,False
XLB,ETF,donchian,55,long/short,-0.421,-0.02317,0.259,0.01371,0.6631224590690911,False,0.39781762024632195,False
XLB,ETF,donchian,100,long,-1.169,-0.03657,-0.182,-0.00502,0.8787981843139688,False,0.5722086370495298,False
XLB,ETF,donchian,100,long/short,-0.715,-0.04221,-0.155,-0.00816,0.7626954783601526,False,0.5615893413472468,False
XLB,ETF,rsi2,10,long,-0.72,-0.01969,-0.221,-0.00595,0.7642375022207488,False,0.5874537835108861,False
XLB,ETF,rsi2,10,long/short,-0.495,-0.01969,0.917,0.03588,0.6896999397455121,False,0.17957132006105847,False
XLB,ETF,rsi2,30,long,-0.664,-0.02224,0.148,0.0045,0.7466548444569732,False,0.44117138412111734,False
XLB,ETF,rsi2,30,long/short,-0.467,-0.02733,0.222,0.01186,0.6797500609641915,False,0.4121569416656783,False
XLB,ETF,rsi14,30,long,-0.519,-0.01625,0.349,0.00966,0.6981196293746188,False,0.363544654783464,False
XLB,ETF,rsi14,30,long/short,0.19,0.00775,0.988,0.03653,0.4246545652652045,False,0.16157632409872935,False
XLB,ETF,bollinger,1.5,long,-0.655,-0.02201,0.321,0.00975,0.7437661229703879,False,0.37410519545209975,False
XLB,ETF,bollinger,1.5,long/short,-0.641,-0.03681,0.151,0.00761,0.7392386585193342,False,0.43998785794905937,False
XLB,ETF,bollinger,2.0,long,0.189,0.00634,0.312,0.00913,0.4250464083950011,False,0.3775202616668384,False
XLB,ETF,bollinger,2.0,long/short,0.085,0.00446,0.657,0.02848,0.46613069535537077,False,0.2555904582313845,False
XLB,ETF,bollinger,2.5,long,-0.554,-0.01763,-0.475,-0.01255,0.7102105771326978,False,0.6826065133587409,False
XLB,ETF,bollinger,2.5,long/short,-0.051,-0.00185,-0.513,-0.017,0.5203372397251306,False,0.6960243396537271,False
XLB,ETF,weekday,0,long,-1.258,-0.03418,-2.041,-0.05253,0.8958041218758135,False,0.979374586451812,False
XLB,ETF,weekday,1,long,0.68,0.01843,0.199,0.00498,0.2482522304535706,False,0.4211313722965654,False
XLB,ETF,weekday,2,long,-0.815,-0.02204,0.315,0.00777,0.7924638449586122,False,0.3763808269325486,False
XLB,ETF,weekday,3,long,-1.034,-0.02784,-0.613,-0.01509,0.8494319183832958,False,0.7300618301391995,False
XLB,ETF,weekday,4,long,0.584,0.01523,0.206,0.0045,0.27961015601934924,False,0.4183954556526073,False
XLB,ETF,overnight,-,long,-0.998,-0.03405,1.558,0.04288,0.8408603206783783,False,0.059616624061456736,False
XLB,ETF,turn_of_month,-,long,0.057,0.00149,1.536,0.03643,0.4772725975713844,False,0.06226919017305099,False
XLE,ETF,sma_trend,10,long,1.281,0.06107,-1.332,-0.04466,0.10009683304777695,False,0.9085699057418932,False
XLE,ETF,sma_trend,10,long/short,1.281,0.12213,-1.308,-0.08766,0.10009683304777695,False,0.9045633453571326,False
XLE,ETF,sma_trend,20,long,1.177,0.05606,-0.673,-0.02238,0.11959775312640442,False,0.7495263545390305,False
XLE,ETF,sma_trend,20,long/short,1.177,0.11211,-0.698,-0.04636,0.11959775312640442,False,0.7574114029673851,False
XLE,ETF,sma_trend,50,long,0.267,0.01269,-0.462,-0.01522,0.39473458054517274,False,0.6779593397756932,False
XLE,ETF,sma_trend,50,long/short,0.267,0.02539,-0.486,-0.03198,0.39473458054517274,False,0.6865164170290864,False
XLE,ETF,sma_trend,100,long,-0.129,-0.00612,-0.461,-0.01518,0.5513211755854941,False,0.6776006974487798,False
XLE,ETF,sma_trend,100,long/short,-0.129,-0.01224,-0.326,-0.02134,0.5513211755854941,False,0.6277878224356017,False
XLE,ETF,sma_trend,200,long,0.191,0.00909,0.782,0.02588,0.42426279657852417,False,0.21710728679530344,False
XLE,ETF,sma_trend,200,long/short,0.191,0.01818,0.878,0.05755,0.42426279657852417,False,0.18997185935906957,False
XLE,ETF,sma_cross,"(5, 20)",long,0.099,0.00472,-1.955,-0.06562,0.46056913505257324,False,0.9747084648647699,False
XLE,ETF,sma_cross,"(5, 20)",long/short,0.099,0.00944,-1.981,-0.13285,0.46056913505257324,False,0.9762043632064268,False
XLE,ETF,sma_cross,"(10, 50)",long,-0.551,-0.02636,-0.138,-0.0046,0.7091831627172669,False,0.5548797912262711,False
XLE,ETF,sma_cross,"(10, 50)",long/short,-0.551,-0.05272,-0.162,-0.01075,0.7091831627172669,False,0.5643470730651057,False
XLE,ETF,sma_cross,"(20, 100)",long,-0.23,-0.01092,0.152,0.00509,0.5909541151420059,False,0.43959346782576125,False
XLE,ETF,sma_cross,"(20, 100)",long/short,-0.23,-0.02185,0.289,0.01919,0.5909541151420059,False,0.386290688777994,False
XLE,ETF,sma_cross,"(50, 200)",long,0.387,0.01858,1.385,0.0468,0.3493781039763386,False,0.08302623368246342,False
XLE,ETF,sma_cross,"(50, 200)",long/short,0.387,0.03716,1.491,0.0994,0.3493781039763386,False,0.0679807474540931,False
XLE,ETF,tsmom,20,long,0.67,0.03205,0.114,0.00381,0.2514288950953101,False,0.45461889672228795,False
XLE,ETF,tsmom,20,long/short,0.67,0.06411,0.085,0.00569,0.2514288950953101,False,0.46613069535537077,False
XLE,ETF,tsmom,60,long,-0.336,-0.01598,-0.019,-0.00063,0.6315645667636473,False,0.5075794472948048,False
XLE,ETF,tsmom,60,long/short,-0.336,-0.03195,0.034,0.00226,0.6315645667636473,False,0.486438575351159,False
XLE,ETF,tsmom,120,long,-0.383,-0.01815,0.74,0.02473,0.6491401179614518,False,0.22964999716479073,False
XLE,ETF,tsmom,120,long/short,-0.383,-0.03629,0.916,0.06078,0.6491401179614518,False,0.17983344745293062,False
XLE,ETF,tsmom,250,long,-0.211,-0.00998,1.314,0.04464,0.5835563643224533,False,0.09442310211464777,False
XLE,ETF,tsmom,250,long/short,-0.211,-0.01996,1.421,0.09465,0.5835563643224533,False,0.07765837972237444,False
XLE,ETF,donchian,20,long,0.784,0.03554,-0.327,-0.00976,0.21652005515344208,False,0.6281660573932328,False
XLE,ETF,donchian,20,long/short,0.665,0.05704,-0.755,-0.04246,0.2530252465375379,False,0.774875508890073,False
XLE,ETF,donchian,55,long,0.031,0.00136,-1.326,-0.03934,0.4876347698369664,False,0.9075801513094095,False
XLE,ETF,donchian,55,long/short,0.263,0.02183,-0.724,-0.04143,0.39627528955746183,False,0.7654671324637832,False
XLE,ETF,donchian,100,long,-0.173,-0.00746,-1.003,-0.02982,0.5686742861887089,False,0.8420695693754723,False
XLE,ETF,donchian,100,long/short,-0.514,-0.04227,0.018,0.00103,0.6963740046666035,False,0.4928194267058258,False
XLE,ETF,rsi2,10,long,-1.557,-0.07148,0.771,0.02213,0.9402647572939142,False,0.22035346579673765,False
XLE,ETF,rsi2,10,long/short,-0.875,-0.05867,2.059,0.08485,0.8092130471474894,False,0.019747119243666678,False
XLE,ETF,rsi2,30,long,-1.391,-0.06713,1.046,0.03529,0.9178872866239531,False,0.14778051619506227,False
XLE,ETF,rsi2,30,long/short,-0.689,-0.05928,1.246,0.07378,0.7545883662172191,False,0.1063821975916528,False
XLE,ETF,rsi14,30,long,-0.702,-0.03285,0.405,0.01149,0.7586604182761869,False,0.34273875547267374,False
XLE,ETF,rsi14,30,long/short,-0.186,-0.01191,0.087,0.00327,0.5737776193357272,False,0.46533575605428545,False
XLE,ETF,bollinger,1.5,long,-0.767,-0.03686,1.317,0.04446,0.7784592422367451,False,0.09391931228149142,False
XLE,ETF,bollinger,1.5,long/short,-0.673,-0.05552,0.739,0.04028,0.7495263545390305,False,0.2299534986796834,False
XLE,ETF,bollinger,2.0,long,-0.128,-0.00606,0.603,0.01995,0.5509255134793116,False,0.27325434460573084,False
XLE,ETF,bollinger,2.0,long/short,0.085,0.00625,0.373,0.01762,0.46613069535537077,False,0.35457422197998656,False
XLE,ETF,bollinger,2.5,long,-0.705,-0.0322,0.28,0.00848,0.7595948819184354,False,0.38973875244420275,False
XLE,ETF,bollinger,2.5,long/short,-0.711,-0.04117,-0.036,-0.00128,0.7614578820978419,False,0.514358820522249,False
XLE,ETF,weekday,0,long,-0.143,-0.00606,-1.945,-0.05507,0.5568549094034829,False,0.9741125108451748,False
XLE,ETF,weekday,1,long,0.355,0.01302,0.462,0.01249,0.36129479561631284,False,0.3220406602243068,False
XLE,ETF,weekday,2,long,-0.858,-0.03372,-0.066,-0.00185,0.8045537682865515,False,0.5263110872719229,False
XLE,ETF,weekday,3,long,-0.882,-0.0326,-0.66,-0.01851,0.8111115963651718,False,0.7453730853286639,False
XLE,ETF,weekday,4,long,0.243,0.00896,0.52,0.01257,0.4040026987256521,False,0.3015317875469662,False
XLE,ETF,overnight,-,long,1.173,0.05362,1.284,0.03685,0.12039790284679597,False,0.09957097771022416,False
XLE,ETF,turn_of_month,-,long,0.187,0.00688,0.13,0.00341,0.4258303164726358,False,0.44828321334543886,False
XLF,ETF,sma_trend,10,long,0.82,0.02866,-2.617,-0.09889,0.20610805358581308,False,0.9955646829347268,False
XLF,ETF,sma_trend,10,long/short,0.82,0.05731,-2.583,-0.1951,0.20610805358581308,False,0.9951027338505606,False
XLF,ETF,sma_trend,20,long,1.421,0.04941,-1.541,-0.05719,0.07765837972237444,False,0.9383416070073831,False
XLF,ETF,sma_trend,20,long/short,1.421,0.09883,-1.545,-0.11461,0.07765837972237444,False,0.9388268683164666,False
XLF,ETF,sma_trend,50,long,0.491,0.01726,-1.234,-0.04379,0.31171322377571387,False,0.8913985478784757,False
XLF,ETF,sma_trend,50,long/short,0.491,0.03453,-1.169,-0.08289,0.31171322377571387,False,0.8787981843139688,False
XLF,ETF,sma_trend,100,long,0.644,0.02289,-0.769,-0.02569,0.25978771699667924,False,0.7790533447335227,False
XLF,ETF,sma_trend,100,long/short,0.644,0.04579,-0.68,-0.04539,0.25978771699667924,False,0.7517477695464294,False
XLF,ETF,sma_trend,200,long,0.996,0.03543,0.569,0.0176,0.15962507259016367,False,0.2846780699717789,False
XLF,ETF,sma_trend,200,long/short,0.996,0.07087,0.546,0.0339,0.15962507259016367,False,0.2925329686044602,False
XLF,ETF,sma_cross,"(5, 20)",long,0.198,0.00697,-1.293,-0.04792,0.4215225318652368,False,0.9019944704500632,False
XLF,ETF,sma_cross,"(5, 20)",long/short,0.198,0.01395,-1.297,-0.09606,0.4215225318652368,False,0.9026844066008697,False
XLF,ETF,sma_cross,"(10, 50)",long,0.7,0.02468,0.335,0.01186,0.24196365222307303,False,0.3688125431087852,False
XLF,ETF,sma_cross,"(10, 50)",long/short,0.7,0.04937,0.402,0.0284,0.24196365222307303,False,0.34384201313736484,False
XLF,ETF,sma_cross,"(20, 100)",long,1.314,0.04736,1.225,0.04054,0.09442310211464777,False,0.11028761025285128,False
XLF,ETF,sma_cross,"(20, 100)",long/short,1.314,0.09473,1.316,0.08707,0.09442310211464777,False,0.09408702133460056,False
XLF,ETF,sma_cross,"(50, 200)",long,-0.414,-0.01444,1.431,0.04499,0.660562946583449,False,0.07621510756695327,False
XLF,ETF,sma_cross,"(50, 200)",long/short,-0.414,-0.02887,1.407,0.08868,0.660562946583449,False,0.07971369438764253,False
XLF,ETF,tsmom,20,long,0.363,0.01266,-1.097,-0.03976,0.3583024421642974,False,0.863679303949822,False
XLF,ETF,tsmom,20,long/short,0.363,0.02533,-1.106,-0.08014,0.3583024421642974,False,0.8656367403127937,False
XLF,ETF,tsmom,60,long,0.579,0.02069,-0.071,-0.00247,0.2812945865872567,False,0.5283011222538723,False
XLF,ETF,tsmom,60,long/short,0.579,0.04138,0.007,0.00046,0.2812945865872567,False,0.4972074268432227,False
XLF,ETF,tsmom,120,long,1.228,0.04395,0.782,0.0247,0.10972348398897769,False,0.21710728679530344,False
XLF,ETF,tsmom,120,long/short,1.228,0.0879,0.849,0.05371,0.10972348398897769,False,0.19794064613952078,False
XLF,ETF,tsmom,250,long,0.549,0.01934,0.781,0.02374,0.2915027249130375,False,0.21740124735409183,False
XLF,ETF,tsmom,250,long/short,0.549,0.03867,0.755,0.04615,0.2915027249130375,False,0.22512449110992705,False
XLF,ETF,donchian,20,long,1.028,0.03191,-0.268,-0.00895,0.15197491384523754,False,0.6056503406333017,False
XLF,ETF,donchian,20,long/short,0.727,0.04409,-0.657,-0.04252,0.23361297787275892,False,0.7444095417686155,False
XLF,ETF,donchian,55,long,0.096,0.00315,-1.392,-0.04348,0.46176028628184207,False,0.9180388010224155,False
XLF,ETF,donchian,55,long/short,0.777,0.04868,-0.537,-0.03323,0.2185793851652752,False,0.7043661929731524,False
XLF,ETF,donchian,100,long,0.809,0.02716,0.418,0.01165,0.20925757313650517,False,0.33797355861274314,False
XLF,ETF,donchian,100,long/short,0.555,0.0353,-0.15,-0.00862,0.2894473302223942,False,0.5596176923702425,False
XLF,ETF,rsi2,10,long,0.034,0.00107,2.196,0.07489,0.486438575351159,False,0.014045971692287829,False
XLF,ETF,rsi2,10,long/short,-0.477,-0.02151,2.948,0.14305,0.683318939180872,False,0.0015991853236649867,False
XLF,ETF,rsi2,30,long,-1.165,-0.04218,2.562,0.09777,0.8779905035808507,False,0.005203565924714493,False
XLF,ETF,rsi2,30,long/short,-1.797,-0.11229,2.603,0.17291,0.9638321901199575,False,0.004620597685135119,False
XLF,ETF,rsi14,30,long,-0.516,-0.01811,1.463,0.04901,0.6970727953905249,False,0.07173368947437098,False
XLF,ETF,rsi14,30,long/short,-0.157,-0.0074,1.442,0.05647,0.5623775759491711,False,0.0746511868059564,False
XLF,ETF,bollinger,1.5,long,-0.294,-0.01066,0.715,0.02737,0.6156210483141691,False,0.2373045216398474,False
XLF,ETF,bollinger,1.5,long/short,-0.562,-0.03337,0.681,0.04257,0.7129419904451674,False,0.2479357452157922,False
XLF,ETF,bollinger,2.0,long,-0.583,-0.02106,0.915,0.03481,0.7200533498881214,False,0.18009581506347694,False
XLF,ETF,bollinger,2.0,long/short,-0.584,-0.03098,0.918,0.05272,0.7203898439806508,False,0.1793094329298085,False
XLF,ETF,bollinger,2.5,long,-0.397,-0.014,1.481,0.04475,0.6543162696966331,False,0.0693032867450254,False
XLF,ETF,bollinger,2.5,long/short,-0.304,-0.0133,1.492,0.05696,0.6194360544215927,False,0.06784957266892744,False
XLF,ETF,weekday,0,long,-0.44,-0.01331,-1.746,-0.05538,0.6700314463394064,False,0.9595945240802161,False
XLF,ETF,weekday,1,long,-0.246,-0.00694,0.217,0.00712,0.5971588837491801,False,0.4141041724696519,False
XLF,ETF,weekday,2,long,0.113,0.00319,0.067,0.00203,0.4550152776072276,False,0.4732908516009273,False
XLF,ETF,weekday,3,long,-1.289,-0.03683,0.07,0.00215,0.9013009567105854,False,0.47209682981947887,False
XLF,ETF,weekday,4,long,0.118,0.00348,-0.235,-0.00629,0.4530338289416578,False,0.592895633389633,False
XLF,ETF,overnight,-,long,-0.937,-0.03365,1.177,0.04413,0.8256207210405856,False,0.11959775312640442,False
XLF,ETF,turn_of_month,-,long,-0.8,-0.02155,0.69,0.01919,0.7881446014166033,False,0.24509709367430954,False
XLI,ETF,sma_trend,10,long,0.846,0.02669,-1.001,-0.02617,0.19877637213586463,False,0.84158659580772,False
XLI,ETF,sma_trend,10,long/short,0.846,0.05337,-0.914,-0.0477,0.19877637213586463,False,0.8196415771497692,False
XLI,ETF,sma_trend,20,long,1.17,0.03654,-0.517,-0.01344,0.12100048442101818,False,0.697421920588116,False
XLI,ETF,sma_trend,20,long/short,1.17,0.07308,-0.488,-0.02537,0.12100048442101818,False,0.6872250794642923,False
XLI,ETF,sma_trend,50,long,1.257,0.03923,-0.704,-0.01806,0.10437681779132979,False,0.7592836131955586,False
XLI,ETF,sma_trend,50,long/short,1.257,0.07847,-0.626,-0.03204,0.10437681779132979,False,0.7343425293362406,False
XLI,ETF,sma_trend,100,long,1.14,0.03594,-0.603,-0.01545,0.12714315056279824,False,0.7267456553942692,False
XLI,ETF,sma_trend,100,long/short,1.14,0.07188,-0.365,-0.01861,0.12714315056279824,False,0.6424442968769708,False
XLI,ETF,sma_trend,200,long,1.189,0.03807,0.257,0.00655,0.11721983346528098,False,0.3985893865361162,False
XLI,ETF,sma_trend,200,long/short,1.189,0.07614,0.487,0.02459,0.11721983346528098,False,0.3131291654736681,False
XLI,ETF,sma_cross,"(5, 20)",long,0.168,0.00527,-0.715,-0.01843,0.4332916395394155,False,0.7626954783601526,False
XLI,ETF,sma_cross,"(5, 20)",long/short,0.168,0.01053,-0.686,-0.03535,0.4332916395394155,False,0.7536434457978012,False
XLI,ETF,sma_cross,"(10, 50)",long,0.132,0.00419,1.072,0.02748,0.44749214587440367,False,0.14186001606985088,False
XLI,ETF,sma_cross,"(10, 50)",long/short,0.132,0.00838,1.154,0.05905,0.44749214587440367,False,0.12425008446328989,False
XLI,ETF,sma_cross,"(20, 100)",long,-0.408,-0.01299,0.543,0.01404,0.6583631625489574,False,0.29356490121663137,False
XLI,ETF,sma_cross,"(20, 100)",long/short,-0.408,-0.02599,0.784,0.04036,0.6583631625489574,False,0.21652005515344208,False
XLI,ETF,sma_cross,"(50, 200)",long,-1.58,-0.04929,0.974,0.02511,0.9429465667622458,False,0.1650282696119878,False
XLI,ETF,sma_cross,"(50, 200)",long/short,-1.58,-0.09857,1.207,0.06172,0.9429465667622458,False,0.11371607198614608,False
XLI,ETF,tsmom,20,long,1.287,0.03996,-0.556,-0.01422,0.09904714406962734,False,0.7108945726137885,False
XLI,ETF,tsmom,20,long/short,1.287,0.07992,-0.55,-0.0281,0.09904714406962734,False,0.7088403132116536,False
XLI,ETF,tsmom,60,long,-0.006,-0.00019,0.891,0.02283,0.5023936393205641,False,0.18646458511710018,False
XLI,ETF,tsmom,60,long/short,-0.006,-0.00038,0.977,0.0499,0.5023936393205641,False,0.1642845761835996,False
XLI,ETF,tsmom,120,long,0.756,0.02402,0.29,0.00738,0.22482459785246145,False,0.38590811880112263,False
XLI,ETF,tsmom,120,long/short,0.756,0.04804,0.552,0.02797,0.22482459785246145,False,0.29047417663514663,False
XLI,ETF,tsmom,250,long,-0.241,-0.00776,0.923,0.0243,0.5952224417380568,False,0.1780036026147649,False
XLI,ETF,tsmom,250,long/short,-0.241,-0.01552,1.097,0.05677,0.5952224417380568,False,0.13632069605017794,False
XLI,ETF,donchian,20,long,1.422,0.04018,-0.64,-0.01487,0.07751312547119715,False,0.7389137003071384,False
XLI,ETF,donchian,20,long/short,0.603,0.03311,-0.584,-0.02567,0.27325434460573084,False,0.7203898439806508,False
XLI,ETF,donchian,55,long,-0.869,-0.02535,-0.609,-0.01409,0.8075764346151973,False,0.7287377805510094,False
XLI,ETF,donchian,55,long/short,-0.142,-0.00789,-0.145,-0.00637,0.5564599971567867,False,0.5576445641049235,False
XLI,ETF,donchian,100,long,-0.374,-0.0112,-0.557,-0.0128,0.645797841909301,False,0.7112362854048475,False
XLI,ETF,donchian,100,long/short,0.041,0.00231,0.248,0.01092,0.4836479479317586,False,0.40206720340121627,False
XLI,ETF,rsi2,10,long,0.138,0.004,0.749,0.01757,0.44512020877372904,False,0.22692860271357929,False
XLI,ETF,rsi2,10,long/short,-0.56,-0.02297,2.17,0.07238,0.712260281150973,False,0.015003422973732139,False
XLI,ETF,rsi2,30,long,-0.416,-0.01342,0.719,0.01901,0.6612949983921531,False,0.23607045984144182,False
XLI,ETF,rsi2,30,long/short,-0.821,-0.04637,0.719,0.03397,0.7941768658922286,False,0.23607045984144182,False
XLI,ETF,rsi14,30,long,-1.201,-0.03681,0.08,0.0018,0.8851243993358974,False,0.46811862798601267,False
XLI,ETF,rsi14,30,long/short,-0.678,-0.02853,0.286,0.00852,0.7511141533919512,False,0.38743906077712187,False
XLI,ETF,bollinger,1.5,long,-0.572,-0.01843,0.221,0.0058,0.7163390126734549,False,0.41254621648911394,False
XLI,ETF,bollinger,1.5,long/short,-0.729,-0.03925,0.394,0.01659,0.7669991687588837,False,0.3467905196174752,False
XLI,ETF,bollinger,2.0,long,-0.564,-0.01818,0.327,0.00841,0.7136229339288367,False,0.37183394260676716,False
XLI,ETF,bollinger,2.0,long/short,-1.228,-0.05941,0.4,0.01437,0.8902765160110223,False,0.3445782583896758,False
XLI,ETF,bollinger,2.5,long,-0.725,-0.02266,-0.483,-0.01072,0.7657739847873051,False,0.68545213188935,False
XLI,ETF,bollinger,2.5,long/short,-0.818,-0.02871,-0.064,-0.00165,0.7933214063624475,False,0.5255148865953049,False
XLI,ETF,weekday,0,long,-0.679,-0.01787,-1.189,-0.02643,0.7514310690255194,False,0.882780166534719,False
XLI,ETF,weekday,1,long,-0.441,-0.01148,0.094,0.00203,0.670393501503493,False,0.4625545783686962,False
XLI,ETF,weekday,2,long,-0.442,-0.01151,-0.726,-0.01512,0.6707553970364668,False,0.7660806147235362,False
XLI,ETF,weekday,3,long,-0.885,-0.02277,0.887,0.01873,0.8119216843193366,False,0.18753945024160257,False
XLI,ETF,weekday,4,long,0.532,0.01323,-1.48,-0.0296,0.29736299775204134,False,0.9305633766666682,False
XLI,ETF,overnight,-,long,-0.862,-0.02654,2.072,0.05613,0.805656241083776,False,0.01913272059767812,False
XLI,ETF,turn_of_month,-,long,-0.494,-0.01215,0.847,0.01765,0.6893469102573553,False,0.19849756072432456,False
XLK,ETF,sma_trend,10,long,0.121,0.00463,-1.04,-0.03299,0.45184551759749203,False,0.8508300496690185,False
XLK,ETF,sma_trend,10,long/short,0.121,0.00927,-0.963,-0.0611,0.45184551759749203,False,0.8322262383658166,False
XLK,ETF,sma_trend,20,long,2.002,0.07613,-0.421,-0.01318,0.02264236576312717,False,0.6631224590690911,False
XLK,ETF,sma_trend,20,long/short,2.002,0.15225,-0.331,-0.02067,0.02264236576312717,False,0.6296777572239781,False
XLK,ETF,sma_trend,50,long,1.341,0.0513,0.764,0.02333,0.08996022629954825,False,0.22243362129945354,False
XLK,ETF,sma_trend,50,long/short,1.341,0.1026,0.835,0.0508,0.08996022629954825,False,0.2018588541911438,False
XLK,ETF,sma_trend,100,long,0.7,0.02733,1.277,0.03806,0.24196365222307303,False,0.10080112363067228,False
XLK,ETF,sma_trend,100,long/short,0.7,0.05466,1.437,0.08524,0.24196365222307303,False,0.07535899677335922,False
XLK,ETF,sma_trend,200,long,1.473,0.05768,1.006,0.0296,0.07037551788944763,False,0.1572077850312822,False
XLK,ETF,sma_trend,200,long/short,1.473,0.11536,1.271,0.07434,0.07037551788944763,False,0.10186432431347803,False
XLK,ETF,sma_cross,"(5, 20)",long,1.102,0.04239,-0.117,-0.00363,0.13523083580582274,False,0.5465699732590601,False
XLK,ETF,sma_cross,"(5, 20)",long/short,1.102,0.08479,-0.025,-0.00158,0.13523083580582274,False,0.509972518195238,False
XLK,ETF,sma_cross,"(10, 50)",long,1.07,0.04132,0.246,0.00762,0.14230965435593923,False,0.40284111625081986,False
XLK,ETF,sma_cross,"(10, 50)",long/short,1.07,0.08264,0.314,0.01938,0.14230965435593923,False,0.37676051938266675,False
XLK,ETF,sma_cross,"(20, 100)",long,0.632,0.02437,1.088,0.03291,0.2636934386118963,False,0.13829755376702169,False
XLK,ETF,sma_cross,"(20, 100)",long/short,0.632,0.04873,1.246,0.07493,0.2636934386118963,False,0.1063821975916528,False
XLK,ETF,sma_cross,"(50, 200)",long,0.347,0.01222,1.551,0.04637,0.3642956593856741,False,0.060450841980280834,False
XLK,ETF,sma_cross,"(50, 200)",long/short,0.347,0.02445,1.82,0.10788,0.3642956593856741,False,0.03437950244588994,False
XLK,ETF,tsmom,20,long,1.689,0.06459,-0.273,-0.00846,0.04560971497729649,False,0.6075733922130369,False
XLK,ETF,tsmom,20,long/short,1.689,0.12917,-0.199,-0.0123,0.04560971497729649,False,0.5788686277034347,False
XLK,ETF,tsmom,60,long,0.526,0.02055,1.09,0.03347,0.29944410348695305,False,0.1378565720320355,False
XLK,ETF,tsmom,60,long/short,0.526,0.04109,1.184,0.07239,0.29944410348695305,False,0.11820653140911919,False
XLK,ETF,tsmom,120,long,0.141,0.0054,1.387,0.04163,0.44393497117142544,False,0.08272088141670664,False
XLK,ETF,tsmom,120,long/short,0.141,0.0108,1.552,0.09263,0.44393497117142544,False,0.060331111804076465,False
XLK,ETF,tsmom,250,long,-0.505,-0.0168,0.77,0.02381,0.6932205820111423,False,0.22064994634264967,False
XLK,ETF,tsmom,250,long/short,-0.505,-0.0336,1.222,0.07434,0.6932205820111423,False,0.11085381349329382,False
XLK,ETF,donchian,20,long,1.992,0.07029,-0.007,-0.00021,0.023185528942183842,False,0.5027925731567773,False
XLK,ETF,donchian,20,long/short,1.533,0.10433,-0.57,-0.03086,0.06263792745500907,False,0.7156611509536759,False
XLK,ETF,donchian,55,long,0.718,0.02599,0.363,0.00977,0.23637864340795778,False,0.3583024421642974,False
XLK,ETF,donchian,55,long/short,0.816,0.05531,0.508,0.02674,0.2072500678564454,False,0.30572667160651423,False
XLK,ETF,donchian,100,long,0.687,0.02616,1.103,0.02964,0.24604136421255118,False,0.13501358257624463,False
XLK,ETF,donchian,100,long/short,0.811,0.05623,0.897,0.04727,0.20868283537545906,False,0.18485945851244434,False
XLK,ETF,rsi2,10,long,1.033,0.03318,1.968,0.0575,0.150801949329044,False,0.024534018855170703,False
XLK,ETF,rsi2,10,long/short,0.981,0.0441,1.459,0.05879,0.16329637077538417,False,0.07228255384515925,False
XLK,ETF,rsi2,30,long,2.133,0.08306,1.429,0.04659,0.01646236310007443,False,0.07650211671801599,False
XLK,ETF,rsi2,30,long/short,1.225,0.08238,1.425,0.08087,0.11028761025285128,False,0.07707860055207194,False
XLK,ETF,rsi14,30,long,-0.85,-0.03055,-0.107,-0.00328,0.8023374568773076,False,0.5426055101221345,False
XLK,ETF,rsi14,30,long/short,-0.906,-0.0447,-0.032,-0.00125,0.8175320737798613,False,0.512763974550688,False
XLK,ETF,bollinger,1.5,long,-1.424,-0.05583,1.069,0.03485,0.9227767639653962,False,0.14253483470370654,False
XLK,ETF,bollinger,1.5,long/short,-1.345,-0.08903,0.66,0.03426,0.9106873827156629,False,0.25462691467133614,False
XLK,ETF,bollinger,2.0,long,-0.779,-0.03028,0.347,0.01115,0.7820101426247481,False,0.3642956593856741,False
XLK,ETF,bollinger,2.0,long/short,-0.821,-0.04733,0.592,0.02768,0.7941768658922286,False,0.27692529419708367,False
XLK,ETF,bollinger,2.5,long,-0.755,-0.02632,0.076,0.00187,0.774875508890073,False,0.4697095490997434,False
XLK,ETF,bollinger,2.5,long/short,-0.431,-0.01716,0.049,0.00137,0.6667658147570998,False,0.4804596479705764,False
XLK,ETF,weekday,0,long,-0.271,-0.00854,-0.173,-0.00435,0.6068044838704549,False,0.5686742861887089,False
XLK,ETF,weekday,1,long,0.175,0.00523,-0.426,-0.01139,0.43053981679232634,False,0.664946076995224,False
XLK,ETF,weekday,2,long,0.841,0.02684,0.038,0.00105,0.20017396720774372,False,0.48484384101475997,False
XLK,ETF,weekday,3,long,-1.231,-0.03967,0.994,0.02618,0.8908385678587164,False,0.16011143372544923,False
XLK,ETF,weekday,4,long,-1.101,-0.03426,-2.526,-0.06187,0.8645516714195952,False,0.9942315259372246,False
XLK,ETF,overnight,-,long,-1.119,-0.04245,2.986,0.1002,0.8684299304827545,False,0.001413263215773508,False
XLK,ETF,turn_of_month,-,long,-0.482,-0.01475,1.542,0.04079,0.6850970268650535,False,0.06153679679759305,False
XLP,ETF,sma_trend,10,long,-0.343,-0.00803,-3.305,-0.06158,0.6342007699223756,False,0.9995251180000982,False
XLP,ETF,sma_trend,10,long/short,-0.343,-0.01607,-3.258,-0.12126,0.6342007699223756,False,0.99943899796829,False
XLP,ETF,sma_trend,20,long,0.815,0.01874,-2.007,-0.03754,0.20753615504138778,False,0.9776251685086644,False
XLP,ETF,sma_trend,20,long/short,0.815,0.03748,-2.084,-0.07773,0.20753615504138778,False,0.9814199163677104,False
XLP,ETF,sma_trend,50,long,-0.355,-0.00828,-0.321,-0.00596,0.6387052043836872,False,0.6258948045479003,False
XLP,ETF,sma_trend,50,long/short,-0.355,-0.01656,-0.314,-0.0116,0.6387052043836872,False,0.6232394806173333,False
XLP,ETF,sma_trend,100,long,-0.968,-0.02289,-0.431,-0.00798,0.8334778151498295,False,0.6667658147570998,False
XLP,ETF,sma_trend,100,long/short,-0.968,-0.04577,-0.538,-0.01965,0.8334778151498295,False,0.7047114757040099,False
XLP,ETF,sma_trend,200,long,-2.251,-0.05318,0.409,0.00763,0.9878072313111669,False,0.34126983057412874,False
XLP,ETF,sma_trend,200,long/short,-2.251,-0.10636,0.132,0.00476,0.9878072313111669,False,0.44749214587440367,False
XLP,ETF,sma_cross,"(5, 20)",long,0.636,0.01464,-0.809,-0.01509,0.26238821101513154,False,0.7907424268634948,False
XLP,ETF,sma_cross,"(5, 20)",long/short,0.636,0.02928,-0.882,-0.03284,0.26238821101513154,False,0.8111115963651718,False
XLP,ETF,sma_cross,"(10, 50)",long,-0.234,-0.00549,0.137,0.00257,0.5925075106684191,False,0.44551539755575087,False
XLP,ETF,sma_cross,"(10, 50)",long/short,-0.234,-0.01098,0.147,0.00546,0.5925075106684191,False,0.44156601016022123,False
XLP,ETF,sma_cross,"(20, 100)",long,-0.886,-0.02087,0.223,0.00417,0.812191236397544,False,0.4117677532516545,False
XLP,ETF,sma_cross,"(20, 100)",long/short,-0.886,-0.04174,0.126,0.00464,0.812191236397544,False,0.4498659622877338,False
XLP,ETF,sma_cross,"(50, 200)",long,-1.751,-0.03271,1.563,0.02946,0.9600270449920129,False,0.05902629741121823,False
XLP,ETF,sma_cross,"(50, 200)",long/short,-1.751,-0.06542,1.338,0.04842,0.9600270449920129,False,0.09044821839471484,False
XLP,ETF,tsmom,20,long,0.274,0.00621,0.051,0.00094,0.39204231082881746,False,0.4796627602748694,False
XLP,ETF,tsmom,20,long/short,0.274,0.01242,-0.029,-0.00108,0.39204231082881746,False,0.5115677047023107,False
XLP,ETF,tsmom,60,long,-0.96,-0.02269,-0.393,-0.00729,0.8314723925331622,False,0.652840259306904,False
XLP,ETF,tsmom,60,long/short,-0.96,-0.04538,-0.357,-0.01314,0.8314723925331622,False,0.6394540971325265,False
XLP,ETF,tsmom,120,long,-2.17,-0.05134,-0.106,-0.00199,0.9849965770262678,False,0.5422088239064016,False
XLP,ETF,tsmom,120,long/short,-2.17,-0.10268,-0.286,-0.01046,0.9849965770262678,False,0.6125609392228781,False
XLP,ETF,tsmom,250,long,-2.372,-0.04777,1.557,0.02936,0.9911539546426544,False,0.05973524270608577,False
XLP,ETF,tsmom,250,long/short,-2.372,-0.09554,1.235,0.04391,0.9911539546426544,False,0.10841525206980396,False
XLP,ETF,donchian,20,long,0.715,0.01507,-1.446,-0.02494,0.2373045216398474,False,0.9259113990922376,False
XLP,ETF,donchian,20,long/short,0.857,0.03534,-1.36,-0.04355,0.19572244231110703,False,0.913085038052915,False
XLP,ETF,donchian,55,long,-0.618,-0.01328,-0.539,-0.00919,0.731712330691914,False,0.7050565727227348,False
XLP,ETF,donchian,55,long/short,-0.475,-0.01929,-0.802,-0.0256,0.6826065133587409,False,0.7887235208769545,False
XLP,ETF,donchian,100,long,-1.412,-0.03229,0.03,0.00052,0.9210250194087999,False,0.4880335265858874,False
XLP,ETF,donchian,100,long/short,-1.007,-0.04285,-0.059,-0.00187,0.8430326129057725,False,0.5235239459433012,False
XLP,ETF,rsi2,10,long,0.561,0.01095,2.099,0.03357,0.2873987685922117,False,0.017908450366575512,False
XLP,ETF,rsi2,10,long/short,1.408,0.03942,3.075,0.0699,0.07956553499646679,False,0.001052512768376035,False
XLP,ETF,rsi2,30,long,0.556,0.01311,3.525,0.06616,0.2891054273862115,False,0.00021174139572344153,False
XLP,ETF,rsi2,30,long/short,0.706,0.02871,3.631,0.12027,0.2400940687257831,False,0.00014116259227359151,False
XLP,ETF,rsi14,30,long,0.466,0.01021,1.321,0.01999,0.3206077502770247,False,0.09325068210951049,False
XLP,ETF,rsi14,30,long/short,0.876,0.02517,0.942,0.01848,0.1905150168887989,False,0.1730963199552712,False
XLP,ETF,bollinger,1.5,long,0.477,0.01131,0.527,0.00979,0.31668106081912795,False,0.2990967942379146,False
XLP,ETF,bollinger,1.5,long/short,0.073,0.00285,1.508,0.04581,0.4709030587560903,False,0.06577726350823754,False
XLP,ETF,bollinger,2.0,long,2.054,0.04663,0.271,0.00487,0.019987845855041875,False,0.3931955161295452,False
XLP,ETF,bollinger,2.0,long/short,1.391,0.04578,1.638,0.0435,0.08211271337604675,False,0.05071084689132199,False
XLP,ETF,bollinger,2.5,long,1.262,0.02688,0.323,0.00498,0.10347439318864904,False,0.3733476210319716,False
XLP,ETF,bollinger,2.5,long/short,1.381,0.03437,1.323,0.02432,0.08363948032935464,False,0.09291768891563756,False
XLP,ETF,weekday,0,long,0.094,0.00173,0.163,0.00241,0.4625545783686962,False,0.435259217335481,False
XLP,ETF,weekday,1,long,-0.338,-0.00633,-0.465,-0.00692,0.63231840611135,False,0.679034271702878,False
XLP,ETF,weekday,2,long,-2.324,-0.04315,-0.127,-0.002,0.9899372529795252,False,0.5505298007251425,False
XLP,ETF,weekday,3,long,-1.342,-0.02599,-0.401,-0.00609,0.9102020021710637,False,0.655789938045059,False
XLP,ETF,weekday,4,long,1.196,0.02335,-2.559,-0.0378,0.11584827953526544,False,0.9947513129298631,False
XLP,ETF,overnight,-,long,-2.621,-0.05647,0.398,0.00877,0.9956163869018967,False,0.3453150928736535,False
XLP,ETF,turn_of_month,-,long,0.053,0.00097,-0.018,-0.00027,0.47886595385753505,False,0.5071805732941742,False
XLU,ETF,sma_trend,10,long,-0.904,-0.02774,-1.233,-0.02854,0.8170022993053616,False,0.8912121179140838,False
XLU,ETF,sma_trend,10,long/short,-0.904,-0.05549,-1.212,-0.05602,0.8170022993053616,False,0.8872438096828361,False
XLU,ETF,sma_trend,20,long,-0.468,-0.01433,-1.031,-0.02366,0.6801077051465834,False,0.8487295901003667,False
XLU,ETF,sma_trend,20,long/short,-0.468,-0.02866,-1.02,-0.04672,0.6801077051465834,False,0.8461357696272651,False
XLU,ETF,sma_trend,50,long,-0.38,-0.01149,-0.253,-0.00576,0.6480272924241628,False,0.5998658934014052,False
XLU,ETF,sma_trend,50,long/short,-0.38,-0.02298,-0.323,-0.01464,0.6480272924241628,False,0.6266523789680284,False
XLU,ETF,sma_trend,100,long,-0.803,-0.02473,0.042,0.00094,0.7890126327178432,False,0.48324934905923544,False
XLU,ETF,sma_trend,100,long/short,-0.803,-0.04946,0.019,0.00085,0.7890126327178432,False,0.49242055270519525,False
XLU,ETF,sma_trend,200,long,-0.246,-0.00762,0.403,0.00924,0.5971588837491801,False,0.34347411224566604,False
XLU,ETF,sma_trend,200,long/short,-0.246,-0.01523,0.351,0.01585,0.5971588837491801,False,0.36279417419938786,False
XLU,ETF,sma_cross,"(5, 20)",long,0.978,0.03003,0.03,0.00069,0.16403716204206753,False,0.4880335265858874,False
XLU,ETF,sma_cross,"(5, 20)",long/short,0.978,0.06006,0.043,0.00197,0.16403716204206753,False,0.48285076692751194,False
XLU,ETF,sma_cross,"(10, 50)",long,-0.245,-0.00745,1.011,0.02318,0.5967717843205245,False,0.15600821489600847,False
XLU,ETF,sma_cross,"(10, 50)",long/short,-0.245,-0.0149,0.948,0.04324,0.5967717843205245,False,0.17156472710026216,False
XLU,ETF,sma_cross,"(20, 100)",long,-1.358,-0.04161,0.627,0.01441,0.9127681579216727,False,0.26532961757908435,False
XLU,ETF,sma_cross,"(20, 100)",long/short,-1.358,-0.08321,0.61,0.02779,0.9127681579216727,False,0.27093090378300566,False
XLU,ETF,sma_cross,"(50, 200)",long,-0.37,-0.00991,2.239,0.05208,0.6443087548005467,False,0.012577958078829221,False
XLU,ETF,sma_cross,"(50, 200)",long/short,-0.37,-0.01983,2.224,0.10153,0.6443087548005467,False,0.013074222121813639,False
XLU,ETF,tsmom,20,long,-0.162,-0.00491,0.425,0.00978,0.5643470730651057,False,0.3354183373701696,False
XLU,ETF,tsmom,20,long/short,-0.162,-0.00982,0.448,0.02056,0.5643470730651057,False,0.3270765983034468,False
XLU,ETF,tsmom,60,long,-0.378,-0.01166,0.098,0.00222,0.6472847030121761,False,0.4609661466843784,False
XLU,ETF,tsmom,60,long/short,-0.378,-0.02332,0.014,0.00064,0.6472847030121761,False,0.4944149905186189,False
XLU,ETF,tsmom,120,long,0.593,0.01836,0.31,0.00715,0.27659057612764215,False,0.3782804781779807,False
XLU,ETF,tsmom,120,long/short,0.593,0.03673,0.326,0.01487,0.27659057612764215,False,0.3722121775643983,False
XLU,ETF,tsmom,250,long,-1.712,-0.05095,1.903,0.04426,0.9565516657697337,False,0.028520272616493703,False
XLU,ETF,tsmom,250,long/short,-1.712,-0.10189,1.844,0.0838,0.9565516657697337,False,0.032591570089738564,False
XLU,ETF,donchian,20,long,0.339,0.00952,-1.337,-0.02837,0.36730486508160576,False,0.9093886815817952,False
XLU,ETF,donchian,20,long/short,0.402,0.0211,-0.308,-0.01239,0.34384201313736484,False,0.6209588338306534,False
XLU,ETF,donchian,55,long,-0.925,-0.02495,1.026,0.0216,0.8225170462767677,False,0.1524457920328115,False
XLU,ETF,donchian,55,long/short,-0.923,-0.04816,0.157,0.00628,0.8219963973852351,False,0.43762242405082874,False
XLU,ETF,donchian,100,long,-0.411,-0.01137,0.913,0.01857,0.6594637326490373,False,0.18062127077020596,False
XLU,ETF,donchian,100,long/short,-0.14,-0.00716,0.507,0.01958,0.5556700048059064,False,0.3060774092851847,False
XLU,ETF,rsi2,10,long,-1.201,-0.03419,-0.327,-0.00681,0.8851243993358974,False,0.6281660573932328,False
XLU,ETF,rsi2,10,long/short,-1.043,-0.04246,-0.056,-0.00166,0.851525853620129,False,0.5223290964185991,False
XLU,ETF,rsi2,30,long,-0.208,-0.00647,1.861,0.04357,0.5823855163232511,False,0.031372088346865334,False
XLU,ETF,rsi2,30,long/short,-0.135,-0.00739,1.531,0.0638,0.5536940628343817,False,0.0628846963253269,False
XLU,ETF,rsi14,30,long,0.257,0.00759,0.2,0.00429,0.3985893865361162,False,0.420740290560897,False
XLU,ETF,rsi14,30,long/short,0.039,0.00149,-0.255,-0.00725,0.484445194307506,False,0.6006384503843825,False
XLU,ETF,bollinger,1.5,long,-0.45,-0.01391,-0.909,-0.02134,0.6736447797120799,False,0.8183249370956062,False
XLU,ETF,bollinger,1.5,long/short,-0.056,-0.00288,-0.065,-0.0025,0.5223290964185991,False,0.5259129998718738,False
XLU,ETF,bollinger,2.0,long,0.388,0.01182,-0.635,-0.01473,0.3490080168015711,False,0.7372857925008991,False
XLU,ETF,bollinger,2.0,long/short,0.756,0.03359,0.087,0.00297,0.22482459785246145,False,0.46533575605428545,False
XLU,ETF,bollinger,2.5,long,0.777,0.02163,-0.421,-0.00901,0.2185793851652752,False,0.6631224590690911,False
XLU,ETF,bollinger,2.5,long/short,0.439,0.01546,-0.43,-0.01142,0.3303307681639913,False,0.6664021794045423,False
XLU,ETF,weekday,0,long,-1.358,-0.03469,1.913,0.03675,0.9127681579216727,False,0.027874026225924053,False
XLU,ETF,weekday,1,long,-0.883,-0.02231,-2.347,-0.04532,0.8113818642441633,False,0.9905373726090134,False
XLU,ETF,weekday,2,long,-1.071,-0.02655,-1.415,-0.0268,0.8579152851777345,False,0.9214657519829519,False
XLU,ETF,weekday,3,long,0.176,0.00444,-0.127,-0.00237,0.4301469712233459,False,0.5505298007251425,False
XLU,ETF,weekday,4,long,1.231,0.0287,-0.711,-0.01264,0.1091614321412836,False,0.7614578820978419,False
XLU,ETF,overnight,-,long,-1.453,-0.0355,5.37,0.12519,0.9268881229976025,False,3.9368321047561494e-08,False
XLU,ETF,turn_of_month,-,long,0.236,0.00571,0.336,0.00586,0.4067163350872688,False,0.36843543323635275,False
XLV,ETF,sma_trend,10,long,0.058,0.00155,-2.255,-0.04991,0.4768743142641616,False,0.9879333356088873,False
XLV,ETF,sma_trend,10,long/short,0.058,0.00309,-2.173,-0.09608,0.4768743142641616,False,0.9851098413576439,False
XLV,ETF,sma_trend,20,long,0.476,0.01251,-1.398,-0.03058,0.3170371889515293,False,0.918943466406548,False
XLV,ETF,sma_trend,20,long/short,0.476,0.02502,-1.323,-0.05776,0.3170371889515293,False,0.9070823110843624,False
XLV,ETF,sma_trend,50,long,-0.365,-0.00944,-0.568,-0.01259,0.6424442968769708,False,0.714982516031152,False
XLV,ETF,sma_trend,50,long/short,-0.365,-0.01888,-0.44,-0.01943,0.6424442968769708,False,0.6700314463394064,False
XLV,ETF,sma_trend,100,long,-1.495,-0.03972,0.252,0.00556,0.9325427789288525,False,0.4005205319006746,False
XLV,ETF,sma_trend,100,long/short,-1.495,-0.07943,0.401,0.01752,0.9325427789288525,False,0.34421006195494097,False
XLV,ETF,sma_trend,200,long,-1.322,-0.0355,-0.509,-0.01122,0.9069159245416514,False,0.694623887942679,False
XLV,ETF,sma_trend,200,long/short,-1.322,-0.071,-0.498,-0.02156,0.9069159245416514,False,0.6907579789075456,False
XLV,ETF,sma_cross,"(5, 20)",long,0.305,0.00799,-0.651,-0.01427,0.38018307615983493,False,0.7424767565567227,False
XLV,ETF,sma_cross,"(5, 20)",long/short,0.305,0.01598,-0.575,-0.02514,0.38018307615983493,False,0.7173543515027994,False
XLV,ETF,sma_cross,"(10, 50)",long,-0.396,-0.01032,-0.246,-0.00547,0.6539474858888183,False,0.5971588837491801,False
XLV,ETF,sma_cross,"(10, 50)",long/short,-0.396,-0.02064,-0.117,-0.00518,0.6539474858888183,False,0.5465699732590601,False
XLV,ETF,sma_cross,"(20, 100)",long,-1.049,-0.02817,0.054,0.0012,0.8529109407913879,False,0.4784675821216102,False
XLV,ETF,sma_cross,"(20, 100)",long/short,-1.049,-0.05633,0.2,0.0088,0.8529109407913879,False,0.420740290560897,False
XLV,ETF,sma_cross,"(50, 200)",long,-1.471,-0.03434,-0.15,-0.00338,0.9293544415638214,False,0.5596176923702425,False
XLV,ETF,sma_cross,"(50, 200)",long/short,-1.471,-0.06869,-0.134,-0.0059,0.9293544415638214,False,0.5532987127824534,False
XLV,ETF,tsmom,20,long,1.195,0.03081,-0.564,-0.01244,0.11604351505800325,False,0.7136229339288367,False
XLV,ETF,tsmom,20,long/short,1.195,0.06163,-0.494,-0.02173,0.11604351505800325,False,0.6893469102573553,False
XLV,ETF,tsmom,60,long,-1.745,-0.04615,0.103,0.0023,0.9595075655182402,False,0.45898148547720696,False
XLV,ETF,tsmom,60,long/short,-1.745,-0.09231,0.24,0.01061,0.9595075655182402,False,0.4051651283022042,False
XLV,ETF,tsmom,120,long,-0.924,-0.02479,-0.796,-0.01753,0.8222568421008768,False,0.7869839822978704,False
XLV,ETF,tsmom,120,long/short,-0.924,-0.04957,-0.67,-0.02917,0.8222568421008768,False,0.7485711049046899,False
XLV,ETF,tsmom,250,long,-1.753,-0.04378,-0.379,-0.00854,0.9601989964595051,False,0.6476560680785095,False
XLV,ETF,tsmom,250,long/short,-1.753,-0.08756,-0.255,-0.0111,0.9601989964595051,False,0.6006384503843825,False
XLV,ETF,donchian,20,long,0.452,0.01073,-0.975,-0.01978,0.3256344912203206,False,0.8352198700196896,False
XLV,ETF,donchian,20,long/short,0.115,0.00524,-1.051,-0.04008,0.4542225610221897,False,0.8533707050806106,False
XLV,ETF,donchian,55,long,-0.667,-0.0158,-0.035,-0.00071,0.7476139332890817,False,0.5139601295627583,False
XLV,ETF,donchian,55,long/short,-1.052,-0.04759,0.334,0.01247,0.8536002251846995,False,0.3691897793341773,False
XLV,ETF,donchian,100,long,-1.902,-0.04533,1.183,0.02348,0.9714144227017436,False,0.11840457370777857,False
XLV,ETF,donchian,100,long/short,-1.829,-0.07807,0.565,0.02107,0.9663001958775714,False,0.2860368820899787,False
XLV,ETF,rsi2,10,long,1.022,0.02273,1.578,0.03104,0.15339045020478892,False,0.05728280490184068,False
XLV,ETF,rsi2,10,long/short,-0.128,-0.00412,2.01,0.05533,0.5509255134793116,False,0.02221559442943144,False
XLV,ETF,rsi2,30,long,-0.287,-0.00762,1.763,0.03952,0.6129438398830165,False,0.038950244832169245,False
XLV,ETF,rsi2,30,long/short,-0.97,-0.04521,2.284,0.08921,0.8339767539364704,False,0.0111857654723575,False
XLV,ETF,rsi14,30,long,1.293,0.03184,-0.962,-0.01973,0.09800552954993691,False,0.831975198032253,False
XLV,ETF,rsi14,30,long/short,0.947,0.0304,-0.706,-0.0192,0.171819389467178,False,0.7599059312742169,False
XLV,ETF,bollinger,1.5,long,-0.171,-0.00459,0.118,0.00265,0.5678881172024185,False,0.4530338289416578,False
XLV,ETF,bollinger,1.5,long/short,-0.441,-0.01968,0.632,0.02307,0.670393501503493,False,0.2636934386118963,False
XLV,ETF,bollinger,2.0,long,0.375,0.01001,-0.872,-0.01903,0.35383023332727626,False,0.8083958112245263,False
XLV,ETF,bollinger,2.0,long/short,0.275,0.01085,-0.273,-0.00847,0.39165811915360516,False,0.6075733922130369,False
XLV,ETF,bollinger,2.5,long,0.129,0.00328,-1.544,-0.03147,0.4486788244145059,False,0.9387058336894308,False
XLV,ETF,bollinger,2.5,long/short,0.287,0.00834,-1.125,-0.02767,0.3870561601169835,False,0.8697054828631912,False
XLV,ETF,weekday,0,long,-1.591,-0.03456,-2.221,-0.04162,0.9441952121159695,False,0.9868245193038951,False
XLV,ETF,weekday,1,long,-0.689,-0.0148,0.147,0.00257,0.7545883662172191,False,0.44156601016022123,False
XLV,ETF,weekday,2,long,0.491,0.01061,1.084,0.01996,0.31171322377571387,False,0.13918239942009802,False
XLV,ETF,weekday,3,long,-1.52,-0.03283,0.217,0.00403,0.9357445121810641,False,0.4141041724696519,False
XLV,ETF,weekday,4,long,1.009,0.02117,-2.12,-0.03532,0.15648731709306962,False,0.9829969773523672,False
XLV,ETF,overnight,-,long,-1.96,-0.0497,1.887,0.04518,0.9750021048517795,False,0.029580162825192602,False
XLV,ETF,turn_of_month,-,long,0.891,0.01878,1.418,0.02438,0.18646458511710018,False,0.0780953823858832,False
XLY,ETF,sma_trend,10,long,2.213,0.07626,-1.35,-0.0375,0.013448822824365325,False,0.9114920085625979,False
XLY,ETF,sma_trend,10,long/short,2.213,0.15252,-1.286,-0.07141,0.013448822824365325,False,0.9007784691604482,False
XLY,ETF,sma_trend,20,long,1.885,0.06477,-1.326,-0.03671,0.029714918908310572,False,0.9075801513094095,False
XLY,ETF,sma_trend,20,long/short,1.885,0.12954,-1.297,-0.07176,0.029714918908310572,False,0.9026844066008697,False
XLY,ETF,sma_trend,50,long,0.801,0.0277,-0.409,-0.01128,0.211565822924615,False,0.6587301694258713,False
XLY,ETF,sma_trend,50,long/short,0.801,0.0554,-0.301,-0.01655,0.211565822924615,False,0.6182927527384109,False
XLY,ETF,sma_trend,100,long,0.505,0.01757,0.199,0.00537,0.30677941798885766,False,0.4211313722965654,False
XLY,ETF,sma_trend,100,long/short,0.505,0.03514,0.307,0.01644,0.30677941798885766,False,0.3794216861102565,False
XLY,ETF,sma_trend,200,long,1.079,0.03785,0.587,0.01583,0.14029386382656672,False,0.2786018533578367,False
XLY,ETF,sma_trend,200,long/short,1.079,0.07571,0.616,0.03286,0.14029386382656672,False,0.2689472598972662,False
XLY,ETF,sma_cross,"(5, 20)",long,1.485,0.05097,-0.499,-0.0138,0.06877191205335931,False,0.6911103079749454,False
XLY,ETF,sma_cross,"(5, 20)",long/short,1.485,0.10195,-0.47,-0.02594,0.06877191205335931,False,0.6808224912174441,False
XLY,ETF,sma_cross,"(10, 50)",long,0.619,0.02152,0.355,0.00981,0.26795817944298517,False,0.36129479561631284,False
XLY,ETF,sma_cross,"(10, 50)",long/short,0.619,0.04304,0.466,0.02563,0.26795817944298517,False,0.3206077502770247,False
XLY,ETF,sma_cross,"(20, 100)",long,0.407,0.01441,0.492,0.01345,0.34200399409730053,False,0.3113596717706817,False
XLY,ETF,sma_cross,"(20, 100)",long/short,0.407,0.02882,0.6,0.0326,0.34200399409730053,False,0.27425311775007355,False
XLY,ETF,sma_cross,"(50, 200)",long,-0.544,-0.01884,-0.27,-0.00737,0.7067792635761395,False,0.6064198731980395,False
XLY,ETF,sma_cross,"(50, 200)",long/short,-0.544,-0.03768,-0.251,-0.01354,0.7067792635761395,False,0.5990929454058069,False
XLY,ETF,tsmom,20,long,1.811,0.06188,-0.138,-0.0038,0.03507042583442854,False,0.5548797912262711,False
XLY,ETF,tsmom,20,long/short,1.811,0.12375,-0.103,-0.00565,0.03507042583442854,False,0.541018514522793,False
XLY,ETF,tsmom,60,long,0.355,0.0124,-0.116,-0.00315,0.36129479561631284,False,0.5461737291019273,False
XLY,ETF,tsmom,60,long/short,0.355,0.02481,-0.002,-0.0001,0.36129479561631284,False,0.5007978840288801,False
XLY,ETF,tsmom,120,long,0.735,0.02584,0.057,0.00154,0.23116974706066484,False,0.4772725975713844,False
XLY,ETF,tsmom,120,long/short,0.735,0.05169,0.14,0.0075,0.23116974706066484,False,0.44432999519409355,False
XLY,ETF,tsmom,250,long,0.218,0.00768,-0.102,-0.00279,0.4137145557128631,False,0.5406216624575756,False
XLY,ETF,tsmom,250,long/short,0.218,0.01536,-0.023,-0.00121,0.4137145557128631,False,0.5091748635249679,False
XLY,ETF,donchian,20,long,2.062,0.06466,-0.627,-0.01585,0.019603867987219248,False,0.7346703824209156,False
XLY,ETF,donchian,20,long/short,1.207,0.07324,-0.093,-0.0044,0.11371607198614608,False,0.5370482193881883,False
XLY,ETF,donchian,55,long,0.65,0.02039,0.071,0.00178,0.2578461108058647,False,0.47169887774612773,False
XLY,ETF,donchian,55,long/short,0.938,0.05676,-0.273,-0.01279,0.17412220505336473,False,0.6075733922130369,False
XLY,ETF,donchian,100,long,0.19,0.00619,-0.205,-0.00506,0.4246545652652045,False,0.5812139374874481,False
XLY,ETF,donchian,100,long/short,0.366,0.02273,-0.034,-0.00158,0.35718253778583864,False,0.513561424648841,False
XLY,ETF,rsi2,10,long,0.986,0.03145,2.417,0.05766,0.1620665564289453,False,0.007824508562512378,False
XLY,ETF,rsi2,10,long/short,0.133,0.00624,2.709,0.09313,0.44709669024992704,False,0.0033743169878239776,False
XLY,ETF,rsi2,30,long,-0.274,-0.00973,1.224,0.03417,0.6079576891711825,False,0.11047611376552446,False
XLY,ETF,rsi2,30,long/short,-0.665,-0.04215,0.819,0.04034,0.7469747534624621,False,0.20639320679362338,False
XLY,ETF,rsi14,30,long,-0.589,-0.01965,0.32,0.0076,0.7220693631955969,False,0.37448416527667994,False
XLY,ETF,rsi14,30,long/short,0.063,0.00293,0.711,0.0215,0.474883252161327,False,0.23854211790215807,False
XLY,ETF,bollinger,1.5,long,-0.603,-0.02139,-0.178,-0.00496,0.7267456553942692,False,0.5706385121298834,False
XLY,ETF,bollinger,1.5,long/short,-1.298,-0.07535,0.816,0.03717,0.9028563325144904,False,0.2072500678564454,False
XLY,ETF,bollinger,2.0,long,-0.147,-0.00518,0.22,0.00585,0.5584339898397788,False,0.41293557735178543,False
XLY,ETF,bollinger,2.0,long/short,-1.034,-0.05312,0.652,0.02507,0.8494319183832958,False,0.2572005861989244,False
XLY,ETF,bollinger,2.5,long,-0.566,-0.01831,0.248,0.00456,0.71430310974156,False,0.40206720340121627,False
XLY,ETF,bollinger,2.5,long/short,-1.134,-0.0445,0.606,0.01424,0.8716027259961896,False,0.27225737660740545,False
XLY,ETF,weekday,0,long,0.248,0.00706,-1.846,-0.0422,0.40206720340121627,False,0.9675538972841476,False
XLY,ETF,weekday,1,long,0.794,0.02185,0.336,0.00749,0.21359771567438024,False,0.36843543323635275,False
XLY,ETF,weekday,2,long,-0.108,-0.00315,-0.468,-0.0106,0.5430021538947166,False,0.6801077051465834,False
XLY,ETF,weekday,3,long,-1.97,-0.05712,0.575,0.0133,0.9755808147197774,False,0.28264564849720064,False
XLY,ETF,weekday,4,long,-0.694,-0.01904,-0.86,-0.01838,0.756158895539768,False,0.8051054787481916,False
XLY,ETF,overnight,-,long,-0.375,-0.01343,0.464,0.01373,0.6461697666727237,False,0.32132387281569263,False
XLY,ETF,turn_of_month,-,long,-0.668,-0.01822,1.569,0.03471,0.7479332037545448,False,0.05832396950802643,False
EURUSD,FX,sma_trend,10,long,-1.211,-0.0141,-2.643,-0.05016,0.887052297650198,False,0.9958912482356302,False
EURUSD,FX,sma_trend,10,long/short,-1.211,-0.0282,-2.589,-0.09822,0.887052297650198,False,0.9951872452767221,False
EURUSD,FX,sma_trend,20,long,-1.368,-0.01592,-1.697,-0.03203,0.9143439619462183,False,0.9551516697340574,False
EURUSD,FX,sma_trend,20,long/short,-1.368,-0.03184,-1.617,-0.06096,0.9143439619462183,False,0.9470608595452248,False
EURUSD,FX,sma_trend,50,long,-0.07,-0.00082,-1.207,-0.02282,0.5279031701805211,False,0.8862839280138539,False
EURUSD,FX,sma_trend,50,long/short,-0.07,-0.00163,-1.082,-0.04074,0.5279031701805211,False,0.8603737360268704,False
EURUSD,FX,sma_trend,100,long,0.134,0.00156,-1.309,-0.0243,0.44670128721754654,False,0.904732824632555,False
EURUSD,FX,sma_trend,100,long/short,0.134,0.00312,-1.307,-0.04816,0.44670128721754654,False,0.9043936442577951,False
EURUSD,FX,sma_trend,200,long,0.913,0.01062,0.517,0.00963,0.18062127077020596,False,0.30257807941188397,False
EURUSD,FX,sma_trend,200,long/short,0.913,0.02123,0.551,0.02021,0.18062127077020596,False,0.2908168372827331,False
EURUSD,FX,sma_cross,"(5, 20)",long,-1.215,-0.01409,-0.374,-0.00712,0.8878169543090657,False,0.645797841909301,False
EURUSD,FX,sma_cross,"(5, 20)",long/short,-1.215,-0.02819,-0.293,-0.01114,0.8878169543090657,False,0.615238924153892,False
EURUSD,FX,sma_cross,"(10, 50)",long,0.526,0.00613,-0.218,-0.00398,0.29944410348695305,False,0.5862854442871369,False
EURUSD,FX,sma_cross,"(10, 50)",long/short,0.526,0.01226,-0.084,-0.00306,0.29944410348695305,False,0.5334717841150868,False
EURUSD,FX,sma_cross,"(20, 100)",long,0.19,0.00221,0.487,0.00879,0.4246545652652045,False,0.3131291654736681,False
EURUSD,FX,sma_cross,"(20, 100)",long/short,0.19,0.00442,0.502,0.01803,0.4246545652652045,False,0.3078337604895276,False
EURUSD,FX,sma_cross,"(50, 200)",long,-0.202,-0.0023,0.395,0.00716,0.5800416379095963,False,0.3464214439862917,False
EURUSD,FX,sma_cross,"(50, 200)",long/short,-0.202,-0.0046,0.426,0.01528,0.5800416379095963,False,0.335053923004776,False
EURUSD,FX,tsmom,20,long,-0.557,-0.0065,-0.228,-0.00429,0.7112362854048475,False,0.5901768797390341,False
EURUSD,FX,tsmom,20,long/short,-0.557,-0.013,-0.137,-0.00515,0.7112362854048475,False,0.5544846024442491,False
EURUSD,FX,tsmom,60,long,-0.02,-0.00023,-1.449,-0.02693,0.507978313716902,False,0.9263312087111328,False
EURUSD,FX,tsmom,60,long/short,-0.02,-0.00046,-1.344,-0.04977,0.507978313716902,False,0.910525806548557,False
EURUSD,FX,tsmom,120,long,0.585,0.00677,0.399,0.00718,0.27927385838198304,False,0.344946602132432,False
EURUSD,FX,tsmom,120,long/short,0.585,0.01354,0.42,0.01501,0.27927385838198304,False,0.3372427268482495,False
EURUSD,FX,tsmom,250,long,-0.465,-0.00536,-1.853,-0.03511,0.679034271702878,False,0.9680588206727223,False
EURUSD,FX,tsmom,250,long/short,-0.465,-0.01073,-1.708,-0.06337,0.679034271702878,False,0.9561818287617461,False
EURUSD,FX,donchian,20,long,-0.635,-0.00697,-0.247,-0.00471,0.7372857925008991,False,0.5975458879630962,False
EURUSD,FX,donchian,20,long/short,-1.089,-0.02035,-0.076,-0.00254,0.8619230571577269,False,0.5302904509002566,False
EURUSD,FX,donchian,55,long,0.396,0.00438,-0.435,-0.00686,0.34605251411118165,False,0.668218786280981,False
EURUSD,FX,donchian,55,long/short,0.539,0.01067,-0.217,-0.00661,0.2949434272772652,False,0.5858958275303481,False
EURUSD,FX,donchian,100,long,0.383,0.00423,0.619,0.00981,0.35085988203854823,False,0.26795817944298517,False
EURUSD,FX,donchian,100,long/short,-0.001,-1e-05,0.964,0.03026,0.500398942213911,False,0.16752296293607472,False
EURUSD,FX,rsi2,10,long,-0.989,-0.00912,1.72,0.02686,0.8386684291658693,False,0.042716220791328974,False
EURUSD,FX,rsi2,10,long/short,0.315,0.00468,2.452,0.06428,0.3763808269325486,False,0.007103233097306427,False
EURUSD,FX,rsi2,30,long,-0.532,-0.00594,1.196,0.02176,0.7026370022479587,False,0.11584827953526544,False
EURUSD,FX,rsi2,30,long/short,0.001,2e-05,2.053,0.0669,0.499601057786089,False,0.02003628875359076,False
EURUSD,FX,rsi14,30,long,1.359,0.01127,0.251,0.0036,0.08707329435270716,False,0.40090705459419307,False
EURUSD,FX,rsi14,30,long/short,0.776,0.00999,0.897,0.02022,0.2188744929330838,False,0.18485945851244434,False
EURUSD,FX,bollinger,1.5,long,0.991,0.01076,-0.2,-0.00359,0.16084279013393787,False,0.579259709439103,False
EURUSD,FX,bollinger,1.5,long/short,0.677,0.01279,1.091,0.03404,0.2492029771832558,False,0.13763644129509744,False
EURUSD,FX,bollinger,2.0,long,1.197,0.01188,-0.491,-0.00802,0.11565327737461495,False,0.6882867762242861,False
EURUSD,FX,bollinger,2.0,long/short,0.847,0.01406,0.879,0.02344,0.19849756072432456,False,0.1897006379184515,False
EURUSD,FX,bollinger,2.5,long,1.669,0.01188,-0.5,-0.00573,0.047558689905944806,False,0.691462461274013,False
EURUSD,FX,bollinger,2.5,long/short,1.16,0.01395,0.955,0.01852,0.12302440305134343,False,0.16978884848031606,False
EURUSD,FX,weekday,0,long,0.394,0.0032,-1.202,-0.01932,0.3467905196174752,False,0.8853182359558909,False
EURUSD,FX,weekday,1,long,-2.0,-0.01771,0.522,0.00738,0.9772498680518208,False,0.3008351652923451,False
EURUSD,FX,weekday,2,long,-0.34,-0.00321,-0.593,-0.00819,0.6330717360360281,False,0.7234094238723578,False
EURUSD,FX,weekday,3,long,-1.485,-0.01504,-0.577,-0.00814,0.9312280879466408,False,0.7180302722389591,False
EURUSD,FX,weekday,4,long,0.0,0.0,0.0,0.0,0.5,False,0.5,False
GBPUSD,FX,sma_trend,10,long,-0.52,-0.00765,-0.597,-0.00788,0.6984682124530338,False,0.7247463096962908,False
GBPUSD,FX,sma_trend,10,long/short,-0.52,-0.01531,-0.546,-0.0144,0.6984682124530338,False,0.7074670313955398,False
GBPUSD,FX,sma_trend,20,long,-1.176,-0.01731,-1.22,-0.01607,0.8802025619710714,False,0.8887675625521654,False
GBPUSD,FX,sma_trend,20,long/short,-1.176,-0.03462,-1.126,-0.02964,0.8802025619710714,False,0.8699172403377508,False
GBPUSD,FX,sma_trend,50,long,-1.133,-0.01665,-0.244,-0.00317,0.8713928733430676,False,0.5963845900408977,False
GBPUSD,FX,sma_trend,50,long/short,-1.133,-0.03331,-0.012,-0.00032,0.8713928733430676,False,0.504787192471922,False
GBPUSD,FX,sma_trend,100,long,0.117,0.00172,-0.129,-0.00165,0.4534300267409399,False,0.5513211755854941,False
GBPUSD,FX,sma_trend,100,long/short,0.117,0.00345,0.033,0.00082,0.4534300267409399,False,0.4868372938212727,False
GBPUSD,FX,sma_trend,200,long,0.528,0.00743,0.434,0.00546,0.2987496679726147,False,0.3321442205263174,False
GBPUSD,FX,sma_trend,200,long/short,0.528,0.01486,0.59,0.01453,0.2987496679726147,False,0.27759532475346493,False
GBPUSD,FX,sma_cross,"(5, 20)",long,-1.122,-0.01652,-0.698,-0.0092,0.8690687800484825,False,0.7574114029673851,False
GBPUSD,FX,sma_cross,"(5, 20)",long/short,-1.122,-0.03304,-0.604,-0.01589,0.8690687800484825,False,0.7270781789142193,False
GBPUSD,FX,sma_cross,"(10, 50)",long,0.602,0.00867,-0.434,-0.0056,0.27358706869781313,False,0.6678557794736826,False
GBPUSD,FX,sma_cross,"(10, 50)",long/short,0.602,0.01735,-0.201,-0.00518,0.27358706869781313,False,0.5796507129662519,False
GBPUSD,FX,sma_cross,"(20, 100)",long,0.858,0.01257,0.043,0.00055,0.19544623171344844,False,0.48285076692751194,False
GBPUSD,FX,sma_cross,"(20, 100)",long/short,0.858,0.02514,0.208,0.00525,0.19544623171344844,False,0.4176144836767489,False
GBPUSD,FX,sma_cross,"(50, 200)",long,0.011,0.00015,-0.221,-0.00278,0.4956117234126739,False,0.5874537835108861,False
GBPUSD,FX,sma_cross,"(50, 200)",long/short,0.011,0.0003,-0.079,-0.00194,0.4956117234126739,False,0.5314836884676253,False
GBPUSD,FX,tsmom,20,long,0.091,0.00133,-0.59,-0.00779,0.46374629552877245,False,0.7224046752465351,False
GBPUSD,FX,tsmom,20,long/short,0.091,0.00265,-0.492,-0.01298,0.46374629552877245,False,0.6886403282293183,False
GBPUSD,FX,tsmom,60,long,0.885,0.01296,-0.962,-0.0124,0.18807831568066335,False,0.831975198032253,False
GBPUSD,FX,tsmom,60,long/short,0.885,0.02592,-0.695,-0.01779,0.18807831568066335,False,0.756472349220159,False
GBPUSD,FX,tsmom,120,long,-0.377,-0.00527,1.465,0.0188,0.646913197543325,False,0.07146045887721098,False
GBPUSD,FX,tsmom,120,long/short,-0.377,-0.01054,1.616,0.04073,0.646913197543325,False,0.05304715659775494,False
GBPUSD,FX,tsmom,250,long,0.087,0.00118,-1.402,-0.01682,0.46533575605428545,False,0.9195423766523929,False
GBPUSD,FX,tsmom,250,long/short,0.087,0.00237,-1.118,-0.02647,0.46533575605428545,False,0.8682165033168339,False
GBPUSD,FX,donchian,20,long,-1.927,-0.02707,-0.591,-0.00734,0.9730101850322973,False,0.7227397895217292,False
GBPUSD,FX,donchian,20,long/short,-1.475,-0.03704,-0.919,-0.0209,0.9298937282887768,False,0.8209522138993907,False
GBPUSD,FX,donchian,55,long,-0.526,-0.00724,-2.04,-0.02409,0.700555896513047,False,0.9793248371339299,False
GBPUSD,FX,donchian,55,long/short,0.426,0.01078,-0.582,-0.01285,0.335053923004776,False,0.7197166595623561,False
GBPUSD,FX,donchian,100,long,-0.07,-0.001,0.199,0.00234,0.5279031701805211,False,0.4211313722965654,False
GBPUSD,FX,donchian,100,long/short,0.129,0.00351,0.495,0.011,0.4486788244145059,False,0.31030006025448786,False
GBPUSD,FX,rsi2,10,long,-0.359,-0.00437,0.398,0.00432,0.6402024553629672,False,0.3453150928736535,False
GBPUSD,FX,rsi2,10,long/short,0.662,0.01221,0.019,0.00031,0.2539856108451134,False,0.49242055270519525,False
GBPUSD,FX,rsi2,30,long,-1.279,-0.01867,-0.236,-0.00309,0.8995514720542075,False,0.5932836649127313,False
GBPUSD,FX,rsi2,30,long/short,-1.12,-0.02917,-0.403,-0.00956,0.8686431189572693,False,0.656525887754334,False
GBPUSD,FX,rsi14,30,long,0.184,0.00227,-2.043,-0.02288,0.42700672746105095,False,0.9794737809404468,False
GBPUSD,FX,rsi14,30,long/short,1.12,0.0178,-1.473,-0.02271,0.1313568810427308,False,0.9296244821105524,False
GBPUSD,FX,bollinger,1.5,long,0.812,0.01149,0.552,0.00705,0.20839581574663124,False,0.29047417663514663,False
GBPUSD,FX,bollinger,1.5,long/short,1.315,0.03204,0.246,0.0053,0.0942549512380928,False,0.40284111625081986,False
GBPUSD,FX,bollinger,2.0,long,0.61,0.00826,0.231,0.00269,0.27093090378300566,False,0.40865740101478387,False
GBPUSD,FX,bollinger,2.0,long/short,0.919,0.01898,0.15,0.00271,0.17904778610060923,False,0.4403823076297575,False
GBPUSD,FX,bollinger,2.5,long,0.925,0.01098,0.233,0.0019,0.1774829537232323,False,0.4078807028841309,False
GBPUSD,FX,bollinger,2.5,long/short,1.328,0.01969,0.597,0.00663,0.09208905345738105,False,0.27525369030370916,False
GBPUSD,FX,weekday,0,long,0.392,0.0039,0.588,0.00617,0.34752910690110383,False,0.27826614641229774,False
GBPUSD,FX,weekday,1,long,-0.471,-0.00541,-2.048,-0.02077,0.6811796325483522,False,0.979720000301439,False
GBPUSD,FX,weekday,2,long,0.184,0.00206,0.516,0.00557,0.42700672746105095,False,0.3029272046094751,False
GBPUSD,FX,weekday,3,long,-0.781,-0.00978,-0.738,-0.00761,0.7825987526459082,False,0.7697427754349283,False
GBPUSD,FX,weekday,4,long,0.0,0.0,0.0,0.0,0.5,False,0.5,False
USDJPY,FX,sma_trend,10,long,0.93,0.01333,-1.625,-0.0232,0.17618554224525806,False,0.9479187205847804,False
USDJPY,FX,sma_trend,10,long/short,0.93,0.02667,-1.676,-0.04783,0.17618554224525806,False,0.9531309036945053,False
USDJPY,FX,sma_trend,20,long,0.893,0.01275,-1.077,-0.01534,0.1859285863331699,False,0.859259867153738,False
USDJPY,FX,sma_trend,20,long/short,0.893,0.0255,-1.092,-0.03108,0.1859285863331699,False,0.8625834494101879,False
USDJPY,FX,sma_trend,50,long,0.047,0.00067,-1.27,-0.01808,0.4812566137650782,False,0.8979576849251809,False
USDJPY,FX,sma_trend,50,long/short,0.047,0.00135,-1.23,-0.03495,0.4812566137650782,False,0.890651447574308,False
USDJPY,FX,sma_trend,100,long,1.128,0.01615,-1.53,-0.02184,0.12965995957034826,False,0.9369916355360216,False
USDJPY,FX,sma_trend,100,long/short,1.128,0.03229,-1.412,-0.04009,0.12965995957034826,False,0.9210250194087999,False
USDJPY,FX,sma_trend,200,long,-0.472,-0.00677,-1.306,-0.01846,0.6815366057053156,False,0.9042237212141302,False
USDJPY,FX,sma_trend,200,long/short,-0.472,-0.01354,-1.267,-0.03528,0.6815366057053156,False,0.8974223550543635,False
USDJPY,FX,sma_cross,"(5, 20)",long,1.276,0.01825,-0.124,-0.00176,0.10097775954749444,False,0.549342362468261,False
USDJPY,FX,sma_cross,"(5, 20)",long/short,1.276,0.0365,-0.138,-0.00392,0.10097775954749444,False,0.5548797912262711,False
USDJPY,FX,sma_cross,"(10, 50)",long,0.522,0.00747,0.623,0.00852,0.3008351652923451,False,0.2666422609200245,False
USDJPY,FX,sma_cross,"(10, 50)",long/short,0.522,0.01494,0.668,0.01825,0.3008351652923451,False,0.25206679624545525,False
USDJPY,FX,sma_cross,"(20, 100)",long,0.755,0.01084,-0.223,-0.00309,0.22512449110992705,False,0.5882322467483455,False
USDJPY,FX,sma_cross,"(20, 100)",long/short,0.755,0.02167,-0.094,-0.00259,0.22512449110992705,False,0.5374454216313038,False
USDJPY,FX,sma_cross,"(50, 200)",long,-0.692,-0.00989,-0.035,-0.0005,0.755531335504783,False,0.5139601295627583,False
USDJPY,FX,sma_cross,"(50, 200)",long/short,-0.692,-0.01979,0.022,0.00063,0.755531335504783,False,0.49122397776933835,False
USDJPY,FX,tsmom,20,long,0.208,0.00296,-0.854,-0.01218,0.4176144836767489,False,0.8034475053075089,False
USDJPY,FX,tsmom,20,long/short,0.208,0.00593,-0.873,-0.02487,0.4176144836767489,False,0.8086684611398569,False
USDJPY,FX,tsmom,60,long,1.537,0.02197,-0.757,-0.0108,0.062146654686093816,False,0.7754750687713987,False
USDJPY,FX,tsmom,60,long/short,1.537,0.04395,-0.644,-0.01834,0.062146654686093816,False,0.7402122830033208,False
USDJPY,FX,tsmom,120,long,-0.346,-0.00496,-0.875,-0.0125,0.6353286426312533,False,0.8092130471474894,False
USDJPY,FX,tsmom,120,long/short,-0.346,-0.00992,-0.696,-0.01977,0.6353286426312533,False,0.7567855851259457,False
USDJPY,FX,tsmom,250,long,0.233,0.00333,1.01,0.01393,0.4078807028841309,False,0.15624764502125466,False
USDJPY,FX,tsmom,250,long/short,0.233,0.00666,1.14,0.03104,0.4078807028841309,False,0.12714315056279824,False
USDJPY,FX,donchian,20,long,1.168,0.0157,-1.687,-0.02311,0.12140338244489268,False,0.9541983240211359,False
USDJPY,FX,donchian,20,long/short,0.698,0.01711,-1.212,-0.03083,0.24258859703261493,False,0.8872438096828361,False
USDJPY,FX,donchian,55,long,1.025,0.01391,0.566,0.0072,0.1526815938331103,False,0.28569689025844003,False
USDJPY,FX,donchian,55,long/short,1.497,0.03778,-0.269,-0.00634,0.06719662902766976,False,0.606035158666731,False
USDJPY,FX,donchian,100,long,1.42,0.0194,0.241,0.00294,0.07780384052654643,False,0.40477755826194317,False
USDJPY,FX,donchian,100,long/short,0.873,0.02196,0.504,0.01193,0.1913315388601431,False,0.3071306884915911,False
USDJPY,FX,rsi2,10,long,0.092,0.0011,1.087,0.01448,0.4633490197964505,False,0.13851840484705713,False
USDJPY,FX,rsi2,10,long/short,-0.655,-0.01255,1.175,0.02409,0.7437661229703879,False,0.11999735789901256,False
USDJPY,FX,rsi2,30,long,-0.574,-0.008,1.385,0.01974,0.7170160993630866,False,0.08302623368246342,False
USDJPY,FX,rsi2,30,long/short,-1.242,-0.03116,1.31,0.0341,0.8928817189756694,False,0.09509791779523913,False
USDJPY,FX,rsi14,30,long,-0.265,-0.00323,0.155,0.00153,0.604495269092554,False,0.4384106586527532,False
USDJPY,FX,rsi14,30,long/short,-0.238,-0.00444,0.473,0.00767,0.5940594528988059,False,0.3181065895892794,False
USDJPY,FX,bollinger,1.5,long,-0.751,-0.01052,0.369,0.00521,0.7736736721068145,False,0.3560638623866328,False
USDJPY,FX,bollinger,1.5,long/short,-1.287,-0.03118,0.583,0.01457,0.9009528559303727,False,0.2799466501118786,False
USDJPY,FX,bollinger,2.0,long,-0.713,-0.00973,0.396,0.00545,0.7620771214318429,False,0.34605251411118165,False
USDJPY,FX,bollinger,2.0,long/short,-0.93,-0.02037,0.666,0.01566,0.823814457754742,False,0.25270555020079977,False
USDJPY,FX,bollinger,2.5,long,-1.187,-0.01384,0.14,0.0015,0.8823861897463102,False,0.44432999519409355,False
USDJPY,FX,bollinger,2.5,long/short,-0.99,-0.01698,0.319,0.00553,0.8389129404891691,False,0.37486325639099927,False
USDJPY,FX,weekday,0,long,0.555,0.0054,-3.597,-0.04306,0.2894473302223942,False,0.9998390457582341,False
USDJPY,FX,weekday,1,long,0.125,0.0014,-1.091,-0.01225,0.4502617751698871,False,0.8623635587049027,False
USDJPY,FX,weekday,2,long,-1.16,-0.01335,-0.939,-0.01029,0.8769755969486566,False,0.8261346278304382,False
USDJPY,FX,weekday,3,long,-2.418,-0.02923,0.623,0.00656,0.9921969615923026,False,0.2666422609200245,False
USDJPY,FX,weekday,4,long,0.0,0.0,0.0,0.0,0.5,False,0.5,False
AUDUSD,FX,sma_trend,10,long,-2.774,-0.04391,0.105,0.00233,0.9972314160898494,False,0.45818790436029533,False
AUDUSD,FX,sma_trend,10,long/short,-2.774,-0.08781,0.081,0.00362,0.9972314160898494,False,0.4677209762530591,False
AUDUSD,FX,sma_trend,20,long,-0.86,-0.01362,-0.145,-0.00321,0.8051054787481916,False,0.5576445641049235,False
AUDUSD,FX,sma_trend,20,long/short,-0.86,-0.02723,-0.219,-0.0097,0.8051054787481916,False,0.5866749761167374,False
AUDUSD,FX,sma_trend,50,long,-1.418,-0.02244,1.262,0.02781,0.9219046176141168,False,0.10347439318864904,False
AUDUSD,FX,sma_trend,50,long/short,-1.418,-0.04489,1.225,0.05389,0.9219046176141168,False,0.11028761025285128,False
AUDUSD,FX,sma_trend,100,long,-1.72,-0.02699,1.38,0.0299,0.957283779208671,False,0.08379332241501425,False
AUDUSD,FX,sma_trend,100,long/short,-1.72,-0.05398,1.327,0.05736,0.957283779208671,False,0.09225434133269239,False
AUDUSD,FX,sma_trend,200,long,-0.826,-0.01248,1.034,0.02219,0.7955979540962316,False,0.1505680816167042,False
AUDUSD,FX,sma_trend,200,long/short,-0.826,-0.02497,1.099,0.04698,0.7955979540962316,False,0.13588403294971962,False
AUDUSD,FX,sma_cross,"(5, 20)",long,0.324,0.00513,0.115,0.00257,0.3729690171154495,False,0.4542225610221897,False
AUDUSD,FX,sma_cross,"(5, 20)",long/short,0.324,0.01026,0.041,0.00185,0.3729690171154495,False,0.4836479479317586,False
AUDUSD,FX,sma_cross,"(10, 50)",long,-1.417,-0.02233,0.782,0.01738,0.921758536263457,False,0.21710728679530344,False
AUDUSD,FX,sma_cross,"(10, 50)",long/short,-1.417,-0.04466,0.744,0.03301,0.921758536263457,False,0.2284382375524877,False
AUDUSD,FX,sma_cross,"(20, 100)",long,-1.393,-0.02161,1.084,0.02374,0.9181901046595766,False,0.13918239942009802,False
AUDUSD,FX,sma_cross,"(20, 100)",long/short,-1.393,-0.04322,1.032,0.04506,0.9181901046595766,False,0.15103605875153225,False
AUDUSD,FX,sma_cross,"(50, 200)",long,-0.887,-0.01345,0.215,0.00472,0.8124605497583973,False,0.4148836592798042,False
AUDUSD,FX,sma_cross,"(50, 200)",long/short,-0.887,-0.02689,0.276,0.01205,0.8124605497583973,False,0.39127403311656883,False
AUDUSD,FX,tsmom,20,long,-0.412,-0.0065,1.116,0.02474,0.6598302883850388,False,0.13221106730312437,False
AUDUSD,FX,tsmom,20,long/short,-0.412,-0.01301,1.029,0.04556,0.6598302883850388,False,0.151739837432192,False
AUDUSD,FX,tsmom,60,long,-1.304,-0.02039,0.017,0.00037,0.9038832088136031,False,0.4932183078862524,False
AUDUSD,FX,tsmom,60,long/short,-1.304,-0.04079,-0.01,-0.00043,0.9038832088136031,False,0.5039893563146316,False
AUDUSD,FX,tsmom,120,long,-0.545,-0.00824,1.424,0.03092,0.7071232411941949,False,0.07722323603460379,False
AUDUSD,FX,tsmom,120,long/short,-0.545,-0.01647,1.455,0.06296,0.7071232411941949,False,0.07283463074918606,False
AUDUSD,FX,tsmom,250,long,-0.434,-0.00609,0.758,0.01673,0.6678557794736826,False,0.22422549136651637,False
AUDUSD,FX,tsmom,250,long/short,-0.434,-0.01219,0.941,0.04119,0.6678557794736826,False,0.17335242959066166,False
AUDUSD,FX,donchian,20,long,-0.075,-0.00115,0.277,0.00561,0.5298926440528948,False,0.39089005307264224,False
AUDUSD,FX,donchian,20,long/short,-0.222,-0.00611,0.483,0.01866,0.5878430583343217,False,0.31454786811065005,False
AUDUSD,FX,donchian,55,long,-1.14,-0.01665,0.462,0.0093,0.8728568494372018,False,0.3220406602243068,False
AUDUSD,FX,donchian,55,long/short,-1.927,-0.052,0.573,0.02237,0.9730101850322973,False,0.28332234698907166,False
AUDUSD,FX,donchian,100,long,-2.348,-0.0313,0.321,0.00636,0.9905627393475319,False,0.37410519545209975,False
AUDUSD,FX,donchian,100,long/short,-2.071,-0.05223,0.708,0.02722,0.9808206019719623,False,0.23947262873987996,False
AUDUSD,FX,rsi2,10,long,-0.805,-0.00991,1.106,0.02325,0.7895901601064363,False,0.13436325968720642,False
AUDUSD,FX,rsi2,10,long/short,0.401,0.00743,0.895,0.02538,0.34421006195494097,False,0.18539354398839458,False
AUDUSD,FX,rsi2,30,long,0.441,0.00674,0.361,0.00831,0.329606498496507,False,0.3590497235347705,False
AUDUSD,FX,rsi2,30,long/short,0.718,0.01977,0.203,0.00811,0.23637864340795778,False,0.41956751610591614,False
AUDUSD,FX,rsi14,30,long,1.713,0.02149,-0.537,-0.01198,0.04335626979628149,False,0.7043661929731524,False
AUDUSD,FX,rsi14,30,long/short,1.331,0.02374,-0.691,-0.02075,0.09159450546569592,False,0.7552172294763642,False
AUDUSD,FX,bollinger,1.5,long,0.394,0.00601,-0.454,-0.01044,0.3467905196174752,False,0.6750855866028258,False
AUDUSD,FX,bollinger,1.5,long/short,0.69,0.01796,-0.352,-0.0132,0.24509709367430954,False,0.637580868762431,False
AUDUSD,FX,bollinger,2.0,long,0.434,0.00623,-0.596,-0.01329,0.3321442205263174,False,0.724412386640706,False
AUDUSD,FX,bollinger,2.0,long/short,0.865,0.01917,-0.235,-0.00767,0.19351939439348065,False,0.592895633389633,False
AUDUSD,FX,bollinger,2.5,long,0.362,0.00405,-0.103,-0.00217,0.35867601522057635,False,0.541018514522793,False
AUDUSD,FX,bollinger,2.5,long/short,0.635,0.00965,0.303,0.00746,0.2627142074991009,False,0.38094493079887415,False
AUDUSD,FX,weekday,0,long,1.692,0.01863,-0.156,-0.00277,0.045322986812447064,False,0.5619834893893558,False
AUDUSD,FX,weekday,1,long,-1.102,-0.01356,-0.491,-0.00866,0.8647691641941774,False,0.6882867762242861,False
AUDUSD,FX,weekday,2,long,-0.385,-0.00515,-0.372,-0.00686,0.6498812922347244,False,0.6450535753250211,False
AUDUSD,FX,weekday,3,long,-1.337,-0.01717,-0.308,-0.00553,0.9093886815817952,False,0.6209588338306534,False
AUDUSD,FX,weekday,4,long,0.0,0.0,0.0,0.0,0.5,False,0.5,False
USDCHF,FX,sma_trend,10,long,-1.028,-0.01194,-1.182,-0.02054,0.8480250861547626,False,0.8813971495709085,False
USDCHF,FX,sma_trend,10,long/short,-1.028,-0.02388,-1.288,-0.0447,0.8480250861547626,False,0.9011270184089054,False
USDCHF,FX,sma_trend,20,long,-0.285,-0.00333,-2.178,-0.03785,0.6121779290374987,False,0.9852969816236989,False
USDCHF,FX,sma_trend,20,long/short,-0.285,-0.00666,-2.289,-0.07932,0.6121779290374987,False,0.9889603238070275,False
USDCHF,FX,sma_trend,50,long,-1.493,-0.01726,-1.328,-0.02308,0.932281406549404,False,0.907910946542619,False
USDCHF,FX,sma_trend,50,long/short,-1.493,-0.03452,-1.431,-0.04932,0.932281406549404,False,0.9237848924330468,False
USDCHF,FX,sma_trend,100,long,-1.336,-0.0151,-0.897,-0.01556,0.9092253633477508,False,0.8151405414875557,False
USDCHF,FX,sma_trend,100,long/short,-1.336,-0.03019,-1.119,-0.03828,0.9092253633477508,False,0.8684299304827545,False
USDCHF,FX,sma_trend,200,long,-1.439,-0.01653,-0.641,-0.01113,0.9249247386239691,False,0.7392386585193342,False
USDCHF,FX,sma_trend,200,long/short,-1.439,-0.03306,-0.849,-0.02845,0.9249247386239691,False,0.8020593538604792,False
USDCHF,FX,sma_cross,"(5, 20)",long,-0.988,-0.0115,0.368,0.00628,0.8384236759012708,False,0.3564366170949139,False
USDCHF,FX,sma_cross,"(5, 20)",long/short,-0.988,-0.02301,0.263,0.00894,0.8384236759012708,False,0.39627528955746183,False
USDCHF,FX,sma_cross,"(10, 50)",long,-0.467,-0.00544,-0.275,-0.00477,0.6797500609641915,False,0.6083418808463948,False
USDCHF,FX,sma_cross,"(10, 50)",long/short,-0.467,-0.01088,-0.37,-0.0127,0.6797500609641915,False,0.6443087548005467,False
USDCHF,FX,sma_cross,"(20, 100)",long,-1.364,-0.01567,-0.752,-0.01305,0.9137162171652078,False,0.7739744706059967,False
USDCHF,FX,sma_cross,"(20, 100)",long/short,-1.364,-0.03134,-0.973,-0.03325,0.9137162171652078,False,0.8347233489506135,False
USDCHF,FX,sma_cross,"(50, 200)",long,-1.967,-0.02305,1.212,0.02104,0.9754083946117071,False,0.11275619031716388,False
USDCHF,FX,sma_cross,"(50, 200)",long/short,-1.967,-0.04611,1.079,0.03589,0.9754083946117071,False,0.14029386382656672,False
USDCHF,FX,tsmom,20,long,-0.395,-0.00459,-0.718,-0.01244,0.6535785560137083,False,0.7636213565920422,False
USDCHF,FX,tsmom,20,long/short,-0.395,-0.00917,-0.8,-0.02762,0.6535785560137083,False,0.7881446014166033,False
USDCHF,FX,tsmom,60,long,-1.635,-0.0188,-0.761,-0.01321,0.9489754761887619,False,0.7766714663756447,False
USDCHF,FX,tsmom,60,long/short,-1.635,-0.0376,-0.947,-0.03256,0.9489754761887619,False,0.828180610532822,False
USDCHF,FX,tsmom,120,long,-2.633,-0.03017,-0.672,-0.01167,0.9957682826323835,False,0.7492081518400303,False
USDCHF,FX,tsmom,120,long/short,-2.633,-0.06035,-0.807,-0.02747,0.9957682826323835,False,0.7901667584243461,False
USDCHF,FX,tsmom,250,long,-1.663,-0.01936,-1.211,-0.02072,0.951843782253177,False,0.887052297650198,False
USDCHF,FX,tsmom,250,long/short,-1.663,-0.03871,-1.405,-0.04657,0.951843782253177,False,0.9199893608639663,False
USDCHF,FX,donchian,20,long,-0.44,-0.00481,-0.493,-0.00841,0.6700314463394064,False,0.6889937063295628,False
USDCHF,FX,donchian,20,long/short,-0.286,-0.00582,-1.099,-0.033,0.6125609392228781,False,0.8641159670502804,False
USDCHF,FX,donchian,55,long,-0.351,-0.00365,-0.202,-0.00333,0.6372058258006121,False,0.5800416379095963,False
USDCHF,FX,donchian,55,long/short,-0.497,-0.00974,-0.621,-0.01736,0.6904054743365882,False,0.7327001884110078,False
USDCHF,FX,donchian,100,long,-1.417,-0.01486,-0.083,-0.00137,0.921758536263457,False,0.5330742301924202,False
USDCHF,FX,donchian,100,long/short,-1.222,-0.02352,-0.243,-0.00731,0.8891461865067063,False,0.5959973012743479,False
USDCHF,FX,rsi2,10,long,0.91,0.00876,0.964,0.01415,0.1814112548917972,False,0.16752296293607472,False
USDCHF,FX,rsi2,10,long/short,0.369,0.00534,0.72,0.01475,0.3560638623866328,False,0.23576249777925118,False
USDCHF,FX,rsi2,30,long,-0.117,-0.00136,1.301,0.02222,0.5465699732590601,False,0.09662922736342783,False
USDCHF,FX,rsi2,30,long/short,-0.459,-0.00947,0.721,0.02299,0.6768829169610292,False,0.23545475736992239,False
USDCHF,FX,rsi14,30,long,0.802,0.0079,1.414,0.01795,0.21127647912304548,False,0.0786809512411577,False
USDCHF,FX,rsi14,30,long/short,0.508,0.00662,1.567,0.03357,0.30572667160651423,False,0.058557345807363825,False
USDCHF,FX,bollinger,1.5,long,0.312,0.00362,1.142,0.01854,0.3775202616668384,False,0.12672700984098428,False
USDCHF,FX,bollinger,1.5,long/short,0.407,0.00799,1.083,0.0315,0.34200399409730053,False,0.1394042115203078,False
USDCHF,FX,bollinger,2.0,long,1.09,0.01215,1.507,0.02276,0.1378565720320355,False,0.06590532860124787,False
USDCHF,FX,bollinger,2.0,long/short,1.055,0.0179,1.256,0.03241,0.14571266237276415,False,0.10455798504262237,False
USDCHF,FX,bollinger,2.5,long,0.138,0.00127,1.143,0.01501,0.44512020877372904,False,0.12651929552941787,False
USDCHF,FX,bollinger,2.5,long/short,0.544,0.00653,0.854,0.01374,0.2932207364238605,False,0.19655249469249114,False
USDCHF,FX,weekday,0,long,-0.915,-0.00738,-1.537,-0.01832,0.8199041849365231,False,0.9378533453139062,False
USDCHF,FX,weekday,1,long,-0.467,-0.00431,-1.096,-0.01527,0.6797500609641915,False,0.8634606127629211,False
USDCHF,FX,weekday,2,long,-1.35,-0.01239,-1.171,-0.01433,0.9114920085625979,False,0.8792006114241817,False
USDCHF,FX,weekday,3,long,-1.458,-0.01554,-0.93,-0.01542,0.9275797284920292,False,0.823814457754742,False
USDCHF,FX,weekday,4,long,0.0,0.0,0.0,0.0,0.5,False,0.5,False
USDCAD,FX,sma_trend,10,long,-2.128,-0.02377,-0.623,-0.00838,0.9833314582099839,False,0.7333577390799755,False
USDCAD,FX,sma_trend,10,long/short,-2.128,-0.04754,-0.66,-0.01774,0.9833314582099839,False,0.7453730853286639,False
USDCAD,FX,sma_trend,20,long,-1.712,-0.01914,-1.796,-0.02429,0.9565516657697337,False,0.9637527414848488,False
USDCAD,FX,sma_trend,20,long/short,-1.712,-0.03828,-1.894,-0.05113,0.9565516657697337,False,0.9708874950651403,False
USDCAD,FX,sma_trend,50,long,-1.256,-0.014,-1.09,-0.01472,0.8954420149573776,False,0.8621434279679645,False
USDCAD,FX,sma_trend,50,long/short,-1.256,-0.02801,-1.223,-0.03275,0.8954420149573776,False,0.8893351518522586,False
USDCAD,FX,sma_trend,100,long,-0.891,-0.00985,0.675,0.00911,0.8135354148828998,False,0.24983788247177707,False
USDCAD,FX,sma_trend,100,long/short,-0.891,-0.01971,0.618,0.01636,0.8135354148828998,False,0.268287669308086,False
USDCAD,FX,sma_trend,200,long,-1.612,-0.01763,0.45,0.00608,0.9465190301370887,False,0.3263552202879201,False
USDCAD,FX,sma_trend,200,long/short,-1.612,-0.03526,0.441,0.0116,0.9465190301370887,False,0.329606498496507,False
USDCAD,FX,sma_cross,"(5, 20)",long,-0.108,-0.00121,-0.847,-0.01146,0.5430021538947166,False,0.8015024392756754,False
USDCAD,FX,sma_cross,"(5, 20)",long/short,-0.108,-0.00241,-0.944,-0.02548,0.5430021538947166,False,0.8274151758619481,False
USDCAD,FX,sma_cross,"(10, 50)",long,-1.016,-0.01134,-0.199,-0.0027,0.8451853067253312,False,0.5788686277034347,False
USDCAD,FX,sma_cross,"(10, 50)",long/short,-1.016,-0.02267,-0.324,-0.00872,0.8451853067253312,False,0.6270309828845505,False
USDCAD,FX,sma_cross,"(20, 100)",long,-1.207,-0.01328,1.07,0.01442,0.8862839280138539,False,0.14230965435593923,False
USDCAD,FX,sma_cross,"(20, 100)",long/short,-1.207,-0.02656,1.019,0.02698,0.8862839280138539,False,0.15410148326362672,False
USDCAD,FX,sma_cross,"(50, 200)",long,-0.932,-0.00999,0.348,0.00471,0.824331737284097,False,0.36392009174717477,False
USDCAD,FX,sma_cross,"(50, 200)",long/short,-0.932,-0.01998,0.336,0.00885,0.824331737284097,False,0.36843543323635275,False
USDCAD,FX,tsmom,20,long,-0.692,-0.00772,-1.336,-0.01808,0.755531335504783,False,0.9092253633477508,False
USDCAD,FX,tsmom,20,long/short,-0.692,-0.01545,-1.424,-0.03845,0.755531335504783,False,0.9227767639653962,False
USDCAD,FX,tsmom,60,long,-1.014,-0.01129,0.462,0.00623,0.844708623853253,False,0.3220406602243068,False
USDCAD,FX,tsmom,60,long/short,-1.014,-0.02258,0.339,0.00905,0.844708623853253,False,0.36730486508160576,False
USDCAD,FX,tsmom,120,long,-1.722,-0.0188,1.588,0.0215,0.9574652407528241,False,0.056143169561572503,False
USDCAD,FX,tsmom,120,long/short,-1.722,-0.03759,1.558,0.0414,0.9574652407528241,False,0.059616624061456736,False
USDCAD,FX,tsmom,250,long,-2.117,-0.02258,0.612,0.00826,0.9828700761033173,False,0.2702688787814721,False
USDCAD,FX,tsmom,250,long/short,-2.117,-0.04517,0.492,0.01285,0.9828700761033173,False,0.3113596717706817,False
USDCAD,FX,donchian,20,long,-0.667,-0.00719,-0.154,-0.00198,0.7476139332890817,False,0.5611951322074614,False
USDCAD,FX,donchian,20,long/short,-0.618,-0.01168,-0.892,-0.01921,0.731712330691914,False,0.8138035338025759,False
USDCAD,FX,donchian,55,long,-1.127,-0.01221,0.021,0.00027,0.8701287595076046,False,0.49162282783824884,False
USDCAD,FX,donchian,55,long/short,-0.438,-0.00818,0.051,0.00118,0.6693068582855489,False,0.4796627602748694,False
USDCAD,FX,donchian,100,long,-1.503,-0.0168,1.636,0.02183,0.9335804780033956,False,0.05091979369804811,False
USDCAD,FX,donchian,100,long/short,-1.43,-0.02751,1.3,0.0303,0.9236414904632609,False,0.0968004845856103,False
USDCAD,FX,rsi2,10,long,1.517,0.01373,-0.142,-0.00146,0.06463334201599191,False,0.5564599971567867,False
USDCAD,FX,rsi2,10,long/short,1.202,0.01728,0.27,0.00466,0.11468176404410912,False,0.39358012680196053,False
USDCAD,FX,rsi2,30,long,1.281,0.01401,-0.304,-0.00391,0.10009683304777695,False,0.6194360544215927,False
USDCAD,FX,rsi2,30,long/short,1.47,0.02936,0.109,0.00259,0.07078087699168556,False,0.456601245167912,False
USDCAD,FX,rsi14,30,long,0.938,0.00751,-0.939,-0.00845,0.17412220505336473,False,0.8261346278304382,False
USDCAD,FX,rsi14,30,long/short,0.913,0.01205,-1.105,-0.01636,0.18062127077020596,False,0.8654202054356038,False
USDCAD,FX,bollinger,1.5,long,0.007,8e-05,0.943,0.0116,0.4972074268432227,False,0.1728404514615416,False
USDCAD,FX,bollinger,1.5,long/short,0.13,0.00236,1.052,0.02262,0.44828321334543886,False,0.14639977481530053,False
USDCAD,FX,bollinger,2.0,long,-0.221,-0.00205,0.285,0.00309,0.5874537835108861,False,0.3878220709625013,False
USDCAD,FX,bollinger,2.0,long/short,0.06,0.00093,0.351,0.00633,0.47607781734589316,False,0.36279417419938786,False
USDCAD,FX,bollinger,2.5,long,-0.165,-0.00099,0.226,0.0015,0.5655280089719352,False,0.41060071016398303,False
USDCAD,FX,bollinger,2.5,long/short,0.019,0.0002,-0.198,-0.00241,0.49242055270519525,False,0.5784774681347632,False
USDCAD,FX,weekday,0,long,-2.266,-0.01859,-1.808,-0.01824,0.9882743083765592,False,0.9646967497094742,False
USDCAD,FX,weekday,1,long,0.135,0.00116,-0.958,-0.01059,0.4463059371656183,False,0.8309686207204711,False
USDCAD,FX,weekday,2,long,-2.541,-0.024,-0.869,-0.0095,0.9944732040239107,False,0.8075764346151973,False
USDCAD,FX,weekday,3,long,-0.897,-0.00797,-2.47,-0.02704,0.8151405414875557,False,0.9932443473928594,False
USDCAD,FX,weekday,4,long,0.0,0.0,0.0,0.0,0.5,False,0.5,False
NZDUSD,FX,sma_trend,10,long,-0.572,-0.00923,-0.535,-0.01044,0.7163390126734549,False,0.7036750713576556,False
NZDUSD,FX,sma_trend,10,long/short,-0.572,-0.01847,-0.521,-0.02031,0.7163390126734549,False,0.6988166143153833,False
NZDUSD,FX,sma_trend,20,long,-0.61,-0.00985,0.385,0.00749,0.7290690962169943,False,0.35011870776527565,False
NZDUSD,FX,sma_trend,20,long/short,-0.61,-0.0197,0.428,0.01663,0.7290690962169943,False,0.33432556019432413,False
NZDUSD,FX,sma_trend,50,long,-0.717,-0.01158,-0.075,-0.00147,0.7633129516702869,False,0.5298926440528948,False
NZDUSD,FX,sma_trend,50,long/short,-0.717,-0.02316,0.109,0.00425,0.7633129516702869,False,0.456601245167912,False
NZDUSD,FX,sma_trend,100,long,-1.14,-0.01836,1.249,0.02431,0.8728568494372018,False,0.10583253692503236,False
NZDUSD,FX,sma_trend,100,long/short,-1.14,-0.03672,1.216,0.0466,0.8728568494372018,False,0.11199246100513371,False
NZDUSD,FX,sma_trend,200,long,-1.332,-0.02139,0.733,0.01419,0.9085699057418932,False,0.23177921469740448,False
NZDUSD,FX,sma_trend,200,long/short,-1.332,-0.04277,0.795,0.02981,0.9085699057418932,False,0.21330675107579866,False
NZDUSD,FX,sma_cross,"(5, 20)",long,-0.501,-0.00809,-0.633,-0.01239,0.6918144385404578,False,0.7366331785073709,False
NZDUSD,FX,sma_cross,"(5, 20)",long/short,-0.501,-0.01618,-0.591,-0.02314,0.6918144385404578,False,0.7227397895217292,False
NZDUSD,FX,sma_cross,"(10, 50)",long,-0.927,-0.01496,0.178,0.00348,0.8230367328585826,False,0.42936148787011663,False
NZDUSD,FX,sma_cross,"(10, 50)",long/short,-0.927,-0.02992,0.364,0.01416,0.8230367328585826,False,0.357929004690417,False
NZDUSD,FX,sma_cross,"(20, 100)",long,-2.097,-0.03368,0.208,0.00408,0.9820032123288926,False,0.4176144836767489,False
NZDUSD,FX,sma_cross,"(20, 100)",long/short,-2.097,-0.06736,0.159,0.00613,0.9820032123288926,False,0.4368344369156326,False
NZDUSD,FX,sma_cross,"(50, 200)",long,-1.574,-0.02473,0.98,0.01911,0.9422562752807139,False,0.1635430593276923,False
NZDUSD,FX,sma_cross,"(50, 200)",long/short,-1.574,-0.04946,1.054,0.03965,0.9422562752807139,False,0.1459414585669222,False
NZDUSD,FX,tsmom,20,long,-0.717,-0.01157,-0.622,-0.01219,0.7633129516702869,False,0.7330290659946088,False
NZDUSD,FX,tsmom,20,long/short,-0.717,-0.02314,-0.54,-0.0211,0.7633129516702869,False,0.7054014837843019,False
NZDUSD,FX,tsmom,60,long,-1.601,-0.02575,0.465,0.00905,0.9453115404272964,False,0.320965728297122,False
NZDUSD,FX,tsmom,60,long/short,-1.601,-0.05151,0.608,0.02352,0.9453115404272964,False,0.271593736947651,False
NZDUSD,FX,tsmom,120,long,-2.19,-0.03497,-0.074,-0.00143,0.9857378815893311,False,0.529494807368903,False
NZDUSD,FX,tsmom,120,long/short,-2.19,-0.06993,-0.116,-0.00443,0.9857378815893311,False,0.5461737291019273,False
NZDUSD,FX,tsmom,250,long,-0.293,-0.00436,-0.643,-0.01257,0.615238924153892,False,0.7398879500582639,False
NZDUSD,FX,tsmom,250,long/short,-0.293,-0.00873,-0.452,-0.01693,0.615238924153892,False,0.6743655087796794,False
NZDUSD,FX,donchian,20,long,-1.113,-0.01747,-0.044,-0.00082,0.8671457852555063,False,0.5175477980655497,False
NZDUSD,FX,donchian,20,long/short,-0.724,-0.02015,-0.041,-0.00139,0.7654671324637832,False,0.5163520520682414,False
NZDUSD,FX,donchian,55,long,-1.147,-0.01736,-0.255,-0.00459,0.8743091895389763,False,0.6006384503843825,False
NZDUSD,FX,donchian,55,long/short,-1.422,-0.0393,-0.189,-0.00626,0.9224868745288028,False,0.5749535916049989,False
NZDUSD,FX,donchian,100,long,-1.622,-0.02394,-0.014,-0.00025,0.9475983259329622,False,0.505585009481381,False
NZDUSD,FX,donchian,100,long/short,-1.94,-0.05193,0.238,0.0081,0.9738101550595473,False,0.4059405471011941,False
NZDUSD,FX,rsi2,10,long,-1.002,-0.0119,0.459,0.0075,0.8418282035764547,False,0.3231170830389708,False
NZDUSD,FX,rsi2,10,long/short,1.0,0.01901,0.387,0.00957,0.15865525393145719,False,0.3493781039763386,False
NZDUSD,FX,rsi2,30,long,-0.57,-0.00892,-0.673,-0.01307,0.7156611509536759,False,0.7495263545390305,False
NZDUSD,FX,rsi2,30,long/short,0.293,0.00834,-1.047,-0.03604,0.38476107584610797,False,0.8524502109044503,False
NZDUSD,FX,rsi14,30,long,0.154,0.00191,-0.657,-0.01134,0.4388048677925386,False,0.7444095417686155,False
NZDUSD,FX,rsi14,30,long/short,0.388,0.00657,0.493,0.01192,0.3490080168015711,False,0.3110062936704372,False
NZDUSD,FX,bollinger,1.5,long,-0.354,-0.00541,0.357,0.00688,0.6383305583821042,False,0.36054590286747346,False
NZDUSD,FX,bollinger,1.5,long/short,0.556,0.01487,0.402,0.01318,0.2891054273862115,False,0.34384201313736484,False
NZDUSD,FX,bollinger,2.0,long,-0.935,-0.01317,0.652,0.01215,0.8251058502867781,False,0.2572005861989244,False
NZDUSD,FX,bollinger,2.0,long/short,0.234,0.00548,0.792,0.02329,0.4074924893315809,False,0.21418033811653736,False
NZDUSD,FX,bollinger,2.5,long,0.96,0.00885,0.594,0.00884,0.16852760746683781,False,0.27625605648715923,False
NZDUSD,FX,bollinger,2.5,long/short,1.359,0.01961,0.606,0.01147,0.08707329435270716,False,0.27225737660740545,False
NZDUSD,FX,weekday,0,long,1.397,0.01546,-1.193,-0.01849,0.0812067855597971,False,0.8835653134754299,False
NZDUSD,FX,weekday,1,long,-1.116,-0.01378,-0.975,-0.01536,0.8677889326968756,False,0.8352198700196896,False
NZDUSD,FX,weekday,2,long,0.064,0.0009,-0.807,-0.0133,0.4744851134046951,False,0.7901667584243461,False
NZDUSD,FX,weekday,3,long,-1.224,-0.01573,0.913,0.01368,0.8895238862344754,False,0.18062127077020596,False
NZDUSD,FX,weekday,4,long,0.0,0.0,0.0,0.0,0.5,False,0.5,False
BTC,Krypto,sma_trend,10,long,1.399,0.27052,-0.417,-0.0481,0.08090649153258012,False,0.6616607961426298,False
BTC,Krypto,sma_trend,10,long/short,1.405,0.54304,-0.417,-0.09619,0.08001063913603357,False,0.6616607961426298,False
BTC,Krypto,sma_trend,20,long,1.929,0.37169,0.146,0.01684,0.026865431113912153,False,0.44196069421361195,False
BTC,Krypto,sma_trend,20,long/short,1.935,0.74262,0.146,0.03367,0.026495147841462896,False,0.44196069421361195,False
BTC,Krypto,sma_trend,50,long,2.681,0.51829,1.305,0.15068,0.003670125797114565,False,0.09594642389398766,False
BTC,Krypto,sma_trend,50,long/short,2.68,1.01083,1.305,0.30136,0.0036811080091749826,False,0.09594642389398766,False
BTC,Krypto,sma_trend,100,long,1.343,0.26018,1.444,0.16544,0.08963598692289532,False,0.07436948767025864,False
BTC,Krypto,sma_trend,100,long/short,1.68,0.62097,1.444,0.33087,0.04647865786371996,False,0.07436948767025864,False
BTC,Krypto,sma_trend,200,long,-0.097,-0.01811,1.836,0.21219,0.5386368027747734,False,0.03317882832626262,False
BTC,Krypto,sma_trend,200,long/short,0.139,0.04628,1.836,0.42438,0.4447250745239917,False,0.03317882832626262,False
BTC,Krypto,sma_cross,"(5, 20)",long,1.677,0.32451,-0.145,-0.01678,0.04677124092336382,False,0.5576445641049235,False
BTC,Krypto,sma_cross,"(5, 20)",long/short,1.683,0.64825,-0.145,-0.03355,0.04618754571179262,False,0.5576445641049235,False
BTC,Krypto,sma_cross,"(10, 50)",long,1.817,0.35168,0.823,0.09535,0.03460855667286711,False,0.2052539967128738,False
BTC,Krypto,sma_cross,"(10, 50)",long/short,1.8,0.67762,0.823,0.1907,0.03593031911292577,False,0.2052539967128738,False
BTC,Krypto,sma_cross,"(20, 100)",long,0.379,0.073,0.853,0.09766,0.3523439319214905,False,0.1968296521018067,False
BTC,Krypto,sma_cross,"(20, 100)",long/short,0.681,0.2466,0.853,0.19532,0.2479357452157922,False,0.1968296521018067,False
BTC,Krypto,sma_cross,"(50, 200)",long,-0.263,-0.05095,0.638,0.07394,0.6037247104425382,False,0.2617368400444795,False
BTC,Krypto,sma_cross,"(50, 200)",long/short,-0.061,-0.0194,0.638,0.14788,0.5243203954714286,False,0.2617368400444795,False
BTC,Krypto,tsmom,20,long,2.62,0.50582,0.285,0.033,0.004396488348121341,False,0.3878220709625013,False
BTC,Krypto,tsmom,20,long/short,2.663,1.02317,0.285,0.06601,0.0038723707064032276,False,0.3878220709625013,False
BTC,Krypto,tsmom,60,long,2.035,0.39355,0.97,0.11225,0.02092543649021561,False,0.16602324606352958,False
BTC,Krypto,tsmom,60,long/short,2.204,0.82406,0.97,0.2245,0.01376217204344099,False,0.16602324606352958,False
BTC,Krypto,tsmom,120,long,-0.783,-0.15164,1.651,0.18812,0.7831864439762057,False,0.04936928744828628,False
BTC,Krypto,tsmom,120,long/short,-0.147,-0.05206,1.651,0.37623,0.5584339898397788,False,0.04936928744828628,False
BTC,Krypto,tsmom,250,long,0.351,0.06767,1.714,0.1972,0.36279417419938786,False,0.04326436293366065,False
BTC,Krypto,tsmom,250,long/short,0.492,0.15427,1.714,0.3944,0.3113596717706817,False,0.04326436293366065,False
BTC,Krypto,donchian,20,long,1.858,0.34626,1.017,0.11317,0.03158450715396133,False,0.15457671470596268,False
BTC,Krypto,donchian,20,long/short,1.68,0.57176,0.747,0.15453,0.04647865786371996,False,0.22753178041744382,False
BTC,Krypto,donchian,55,long,1.664,0.321,1.139,0.12396,0.04805621469593402,False,0.1273515770986703,False
BTC,Krypto,donchian,55,long/short,1.721,0.58216,0.956,0.19232,0.04262541194544889,False,0.1695361172439689,False
BTC,Krypto,donchian,100,long,1.499,0.28889,0.809,0.08524,0.06693681602969737,False,0.20925757313650517,False
BTC,Krypto,donchian,100,long/short,0.703,0.21773,0.755,0.15041,0.24102787473763376,False,0.22512449110992705,False
BTC,Krypto,rsi2,10,long,-1.108,-0.19709,-0.688,-0.07368,0.8660690920501981,False,0.7542736093159547,False
BTC,Krypto,rsi2,10,long/short,-2.463,-0.71182,-0.888,-0.14819,0.993111004207108,False,0.8127296243442319,False
BTC,Krypto,rsi2,30,long,-2.868,-0.5532,-1.345,-0.15655,0.9979346223331008,False,0.9106873827156629,False
BTC,Krypto,rsi2,30,long/short,-2.924,-1.03637,-1.467,-0.30612,0.9982721762662257,False,0.9288119723262493,False
BTC,Krypto,rsi14,30,long,-0.378,-0.05937,0.62,0.06208,0.6472847030121761,False,0.2676288934689831,False
BTC,Krypto,rsi14,30,long/short,-1.432,-0.38462,-0.868,-0.13537,0.9239280893413875,False,0.8073028336781728,False
BTC,Krypto,bollinger,1.5,long,-1.614,-0.30735,0.006,0.00067,0.9467362868565512,False,0.497606360679436,False
BTC,Krypto,bollinger,1.5,long/short,-2.485,-0.84213,-0.454,-0.08931,0.9935224282681322,False,0.6750855866028258,False
BTC,Krypto,bollinger,2.0,long,-1.224,-0.22305,-0.37,-0.0412,0.8895238862344754,False,0.6443087548005467,False
BTC,Krypto,bollinger,2.0,long/short,-1.962,-0.60072,-0.053,-0.00949,0.9751187578733014,False,0.521134046142465,False
BTC,Krypto,bollinger,2.5,long,-0.505,-0.07785,0.395,0.04038,0.6932205820111423,False,0.3464214439862917,False
BTC,Krypto,bollinger,2.5,long/short,-1.614,-0.38873,-0.546,-0.08331,0.9467362868565512,False,0.7074670313955398,False
BTC,Krypto,weekday,0,long,0.042,0.00616,0.256,0.02474,0.48324934905923544,False,0.39897541865743413,False
BTC,Krypto,weekday,1,long,-1.717,-0.23018,-1.81,-0.14498,0.9570104140054589,False,0.9648521064159612,False
BTC,Krypto,weekday,2,long,0.423,0.05733,-0.046,-0.00414,0.33614763052910746,False,0.5183448750444979,False
BTC,Krypto,weekday,3,long,-2.513,-0.4122,-3.284,-0.2798,0.9940145332538949,False,0.9994882753880991,False
BTC,Krypto,weekday,4,long,0.258,0.0351,-1.498,-0.1336,0.3982034536122978,False,0.9329333747712578,False
ETH,Krypto,sma_trend,10,long,1.066,0.26025,-0.356,-0.05532,0.14321182095320895,False,0.6390797174095553,False
ETH,Krypto,sma_trend,10,long/short,1.107,0.54014,-0.356,-0.11065,0.13414696416518312,False,0.6390797174095553,False
ETH,Krypto,sma_trend,20,long,1.992,0.48601,0.539,0.08499,0.023185528942183842,False,0.2949434272772652,False
ETH,Krypto,sma_trend,20,long/short,2.004,0.97025,0.539,0.16999,0.02253503021103387,False,0.2949434272772652,False
ETH,Krypto,sma_trend,50,long,1.563,0.38186,1.853,0.28718,0.05902629741121823,False,0.03194117932727769,False
ETH,Krypto,sma_trend,50,long/short,1.536,0.7301,1.853,0.57436,0.06226919017305099,False,0.03194117932727769,False
ETH,Krypto,sma_trend,100,long,1.066,0.25793,0.775,0.11932,0.14321182095320895,False,0.2191698297933774,False
ETH,Krypto,sma_trend,100,long/short,1.254,0.57644,0.775,0.23864,0.10492100271676386,False,0.2191698297933774,False
ETH,Krypto,sma_trend,200,long,0.379,0.09262,1.254,0.18684,0.3523439319214905,False,0.10492100271676386,False
ETH,Krypto,sma_trend,200,long/short,0.736,0.316,1.254,0.37367,0.23086534889446753,False,0.10492100271676386,False
ETH,Krypto,sma_cross,"(5, 20)",long,1.957,0.47755,-0.251,-0.03953,0.025173734177970752,False,0.5990929454058069,False
ETH,Krypto,sma_cross,"(5, 20)",long/short,1.971,0.95376,-0.251,-0.07906,0.02436193790802521,False,0.5990929454058069,False
ETH,Krypto,sma_cross,"(10, 50)",long,1.65,0.39957,1.186,0.18478,0.0494714680336481,False,0.11781114976198626,False
ETH,Krypto,sma_cross,"(10, 50)",long/short,1.635,0.76552,1.186,0.36957,0.05102452381123812,False,0.11781114976198626,False
ETH,Krypto,sma_cross,"(20, 100)",long,0.953,0.22499,0.767,0.11718,0.1702950353513013,False,0.22154075776325488,False
ETH,Krypto,sma_cross,"(20, 100)",long/short,1.153,0.51056,0.767,0.23435,0.12445519225097645,False,0.22154075776325488,False
ETH,Krypto,sma_cross,"(50, 200)",long,0.254,0.06205,-0.155,-0.02346,0.3997477790497421,False,0.5615893413472468,False
ETH,Krypto,sma_cross,"(50, 200)",long/short,0.6,0.25487,-0.155,-0.04693,0.27425311775007355,False,0.5615893413472468,False
ETH,Krypto,tsmom,20,long,1.78,0.43395,-0.203,-0.03174,0.037537980348516964,False,0.5804324838940839,False
ETH,Krypto,tsmom,20,long/short,1.827,0.88209,-0.203,-0.06347,0.03384988469743766,False,0.5804324838940839,False
ETH,Krypto,tsmom,60,long,1.274,0.3032,1.677,0.25934,0.10133170808582115,False,0.04677124092336382,False
ETH,Krypto,tsmom,60,long/short,1.318,0.60025,1.677,0.51868,0.09375182395580595,False,0.04677124092336382,False
ETH,Krypto,tsmom,120,long,0.333,0.07969,0.832,0.1278,0.36956714157750203,False,0.2027044722536997,False
ETH,Krypto,tsmom,120,long/short,0.647,0.2851,0.832,0.25561,0.2588159717378703,False,0.2027044722536997,False
ETH,Krypto,tsmom,250,long,0.449,0.10955,0.076,0.01199,0.3267158283210092,False,0.4697095490997434,False
ETH,Krypto,tsmom,250,long/short,0.667,0.28111,0.076,0.02397,0.25238606671091834,False,0.4697095490997434,False
ETH,Krypto,donchian,20,long,2.693,0.64659,0.094,0.01411,0.0035406134508155773,False,0.4625545783686962,False
ETH,Krypto,donchian,20,long/short,2.559,1.10816,0.153,0.04257,0.005248687070136926,False,0.43919913764520124,False
ETH,Krypto,donchian,55,long,1.927,0.46761,1.12,0.15901,0.026989814967702808,False,0.1313568810427308,False
ETH,Krypto,donchian,55,long/short,1.945,0.76455,1.374,0.36485,0.025887489154825194,False,0.08472084121072632,False
ETH,Krypto,donchian,100,long,0.453,0.11068,1.255,0.16864,0.32527437075994214,False,0.10473937998292238,False
ETH,Krypto,donchian,100,long/short,0.377,0.15654,0.578,0.14705,0.353086802456675,False,0.28163205961626003,False
ETH,Krypto,rsi2,10,long,-1.234,-0.26852,-0.955,-0.14088,0.8913985478784757,False,0.8302111515196839,False
ETH,Krypto,rsi2,10,long/short,-1.578,-0.54387,-2.307,-0.4977,0.9427171950981593,False,0.9894725899460741,False
ETH,Krypto,rsi2,30,long,-1.73,-0.42038,-1.424,-0.22528,0.9581848623864051,False,0.9227767639653962,False
ETH,Krypto,rsi2,30,long/short,-1.909,-0.84748,-0.991,-0.27751,0.9718689541668117,False,0.8391572098660621,False
ETH,Krypto,rsi14,30,long,-0.455,-0.08242,-1.097,-0.15919,0.6754453805820554,False,0.863679303949822,False
ETH,Krypto,rsi14,30,long/short,-1.141,-0.38531,-1.117,-0.24146,0.8730650385022268,False,0.868002837405928,False
ETH,Krypto,bollinger,1.5,long,-1.846,-0.4362,-0.526,-0.08261,0.9675538972841476,False,0.700555896513047,False
ETH,Krypto,bollinger,1.5,long/short,-2.357,-1.00358,-0.72,-0.19911,0.9907883765704263,False,0.7642375022207488,False
ETH,Krypto,bollinger,2.0,long,-0.749,-0.16336,-0.823,-0.12436,0.7730713972864207,False,0.7947460032871262,False
ETH,Krypto,bollinger,2.0,long/short,-1.267,-0.48714,-1.098,-0.26658,0.8974223550543635,False,0.8638977553640502,False
ETH,Krypto,bollinger,2.5,long,-0.443,-0.07722,-0.697,-0.09571,0.6711171326469739,False,0.7570986030954108,False
ETH,Krypto,bollinger,2.5,long/short,-0.534,-0.16447,-1.3,-0.27479,0.7033292329655813,False,0.9031995154143897,False
ETH,Krypto,weekday,0,long,-0.532,-0.09862,0.126,0.01556,0.7026370022479587,False,0.4498659622877338,False
ETH,Krypto,weekday,1,long,-1.302,-0.22119,-2.189,-0.23007,0.9035418071979995,False,0.9857015799907316,False
ETH,Krypto,weekday,2,long,-0.397,-0.06833,0.684,0.08485,0.6543162696966331,False,0.24698758289778677,False
ETH,Krypto,weekday,3,long,-2.74,-0.52957,-2.615,-0.31723,0.9969280407813496,False,0.9955386272257115,False
ETH,Krypto,weekday,4,long,0.485,0.08477,-0.95,-0.10989,0.3138381727569113,False,0.8289438736915181,False
BNB,Krypto,sma_trend,10,long,0.621,0.18981,0.208,0.02652,0.2672998115889922,False,0.4176144836767489,False
BNB,Krypto,sma_trend,10,long/short,0.594,0.35993,0.208,0.05304,0.27625605648715923,False,0.4176144836767489,False
BNB,Krypto,sma_trend,20,long,1.052,0.31295,0.804,0.1036,0.14639977481530053,False,0.21069848750487108,False
BNB,Krypto,sma_trend,20,long/short,1.101,0.64452,0.804,0.20721,0.1354483285804049,False,0.21069848750487108,False
BNB,Krypto,sma_trend,50,long,1.137,0.35125,1.093,0.14094,0.12776914283137897,False,0.1371968998740989,False
BNB,Krypto,sma_trend,50,long/short,1.606,0.92881,1.093,0.28188,0.05413695497803084,False,0.1371968998740989,False
BNB,Krypto,sma_trend,100,long,0.56,0.17566,0.829,0.10695,0.28773971884902705,False,0.20355220361365278,False
BNB,Krypto,sma_trend,100,long/short,0.709,0.36485,0.829,0.21391,0.23916223842057194,False,0.20355220361365278,False
BNB,Krypto,sma_trend,200,long,0.333,0.10447,-0.407,-0.05253,0.36956714157750203,False,0.6579960059026995,False
BNB,Krypto,sma_trend,200,long/short,0.462,0.21776,-0.407,-0.10505,0.3220406602243068,False,0.6579960059026995,False
BNB,Krypto,sma_cross,"(5, 20)",long,1.901,0.57023,0.679,0.08747,0.028651006307711446,False,0.24856893097448063,False
BNB,Krypto,sma_cross,"(5, 20)",long/short,1.962,1.15906,0.679,0.17493,0.02488124212669862,False,0.24856893097448063,False
BNB,Krypto,sma_cross,"(10, 50)",long,1.084,0.32865,0.873,0.1125,0.13918239942009802,False,0.1913315388601431,False
BNB,Krypto,sma_cross,"(10, 50)",long/short,1.572,0.88361,0.873,0.225,0.057975275608238896,False,0.1913315388601431,False
BNB,Krypto,sma_cross,"(20, 100)",long,0.622,0.19517,0.619,0.07965,0.2669709340053912,False,0.26795817944298517,False
BNB,Krypto,sma_cross,"(20, 100)",long/short,0.823,0.40386,0.619,0.15931,0.2052539967128738,False,0.26795817944298517,False
BNB,Krypto,sma_cross,"(50, 200)",long,-0.312,-0.09805,0.257,0.03279,0.6224797383331616,False,0.3985893865361162,False
BNB,Krypto,sma_cross,"(50, 200)",long/short,-0.423,-0.18727,0.257,0.06559,0.6638523694708925,False,0.3985893865361162,False
BNB,Krypto,tsmom,20,long,2.15,0.6386,-0.408,-0.05267,0.015777607391090576,False,0.6583631625489574,False
BNB,Krypto,tsmom,20,long/short,2.21,1.29165,-0.408,-0.10533,0.013552581146419995,False,0.6583631625489574,False
BNB,Krypto,tsmom,60,long,-0.359,-0.10869,0.584,0.07533,0.6402024553629672,False,0.27961015601934924,False
BNB,Krypto,tsmom,60,long/short,0.13,0.06455,0.584,0.15066,0.44828321334543886,False,0.27961015601934924,False
BNB,Krypto,tsmom,120,long,0.298,0.0937,0.575,0.0739,0.38285158181168544,False,0.28264564849720064,False
BNB,Krypto,tsmom,120,long/short,0.398,0.19416,0.575,0.1478,0.3453150928736535,False,0.28264564849720064,False
BNB,Krypto,tsmom,250,long,-0.138,-0.04339,-0.178,-0.02286,0.5548797912262711,False,0.5706385121298834,False
BNB,Krypto,tsmom,250,long/short,-0.263,-0.11983,-0.178,-0.04573,0.6037247104425382,False,0.5706385121298834,False
BNB,Krypto,donchian,20,long,1.171,0.36234,0.455,0.05747,0.12079938857581829,False,0.3245546194179446,False
BNB,Krypto,donchian,20,long/short,1.418,0.76997,0.053,0.01236,0.0780953823858832,False,0.47886595385753505,False
BNB,Krypto,donchian,55,long,0.098,0.0309,0.733,0.09332,0.4609661466843784,False,0.23177921469740448,False
BNB,Krypto,donchian,55,long/short,0.663,0.31534,0.646,0.15199,0.2536652770386165,False,0.2591396777055269,False
BNB,Krypto,donchian,100,long,0.474,0.14563,0.827,0.10437,0.3177499536125785,False,0.204118530740534,False
BNB,Krypto,donchian,100,long/short,0.686,0.28031,0.278,0.06377,0.24635655420219882,False,0.39050617937644905,False
BNB,Krypto,rsi2,10,long,-1.018,-0.25814,0.501,0.05953,0.8456610219615869,False,0.30818556145954223,False
BNB,Krypto,rsi2,10,long/short,-0.854,-0.3979,-0.881,-0.16172,0.8034475053075089,False,0.8108410900047762,False
BNB,Krypto,rsi2,30,long,-1.902,-0.55433,-0.971,-0.12517,0.9714144227017436,False,0.8342258607111078,False
BNB,Krypto,rsi2,30,long/short,-1.789,-1.00225,-1.397,-0.32125,0.9631925922224911,False,0.9187932144402028,False
BNB,Krypto,rsi14,30,long,-0.492,-0.09674,0.632,0.06697,0.6886403282293183,False,0.2636934386118963,False
BNB,Krypto,rsi14,30,long/short,-1.034,-0.44137,0.185,0.03378,0.8494319183832958,False,0.4266145177866256,False
BNB,Krypto,bollinger,1.5,long,-1.228,-0.33114,-0.503,-0.06295,0.8902765160110223,False,0.6925178639207352,False
BNB,Krypto,bollinger,1.5,long/short,-1.101,-0.58268,-0.922,-0.20663,0.8645516714195952,False,0.8217357121681667,False
BNB,Krypto,bollinger,2.0,long,-0.825,-0.21334,0.012,0.00143,0.7953142046527473,False,0.49521280752807784,False
BNB,Krypto,bollinger,2.0,long/short,-1.004,-0.5084,-0.474,-0.09661,0.8423106932059813,False,0.6822500463874215,False
BNB,Krypto,bollinger,2.5,long,0.475,0.09047,-0.241,-0.02509,0.3173934866412591,False,0.5952224417380568,False
BNB,Krypto,bollinger,2.5,long/short,-0.699,-0.29274,-0.729,-0.12876,0.757723984581248,False,0.7669991687588837,False
BNB,Krypto,weekday,0,long,-0.378,-0.08115,-2.461,-0.23836,0.6472847030121761,False,0.9930724816961777,False
BNB,Krypto,weekday,1,long,-0.921,-0.22183,-0.841,-0.07634,0.8214747864885119,False,0.7998260327922564,False
BNB,Krypto,weekday,2,long,-0.181,-0.03664,-0.226,-0.0236,0.5718162119928942,False,0.589399289836017,False
BNB,Krypto,weekday,3,long,-1.91,-0.40807,-2.123,-0.19546,0.9719333933402274,False,0.9831230740711945,False
BNB,Krypto,weekday,4,long,0.741,0.20089,-0.866,-0.07587,0.229346720157922,False,0.8067549191058072,False
XRP,Krypto,sma_trend,10,long,1.666,0.512,-0.618,-0.11826,0.047856707217460936,False,0.731712330691914,False
XRP,Krypto,sma_trend,10,long/short,1.582,0.96988,-0.618,-0.23652,0.0568247852438839,False,0.731712330691914,False
XRP,Krypto,sma_trend,20,long,1.692,0.52215,-0.208,-0.03963,0.045322986812447064,False,0.5823855163232511,False
XRP,Krypto,sma_trend,20,long/short,1.519,0.93319,-0.208,-0.07926,0.06438124798828859,False,0.5823855163232511,False
XRP,Krypto,sma_trend,50,long,1.088,0.33762,-0.251,-0.04781,0.13829755376702169,False,0.5990929454058069,False
XRP,Krypto,sma_trend,50,long/short,0.83,0.50889,-0.251,-0.09561,0.20326939182806836,False,0.5990929454058069,False
XRP,Krypto,sma_trend,100,long,-0.678,-0.2104,-0.64,-0.12198,0.7511141533919512,False,0.7389137003071384,False
XRP,Krypto,sma_trend,100,long/short,-1.184,-0.7178,-0.64,-0.24396,0.8817934685908809,False,0.7389137003071384,False
XRP,Krypto,sma_trend,200,long,-0.285,-0.08873,-0.185,-0.0353,0.6121779290374987,False,0.5733854822133744,False
XRP,Krypto,sma_trend,200,long/short,-0.609,-0.34388,-0.185,-0.0706,0.7287377805510094,False,0.5733854822133744,False
XRP,Krypto,sma_cross,"(5, 20)",long,1.404,0.43494,0.417,0.0798,0.08015942478331484,False,0.33833920385737015,False
XRP,Krypto,sma_cross,"(5, 20)",long/short,1.228,0.75876,0.417,0.1596,0.10972348398897769,False,0.33833920385737015,False
XRP,Krypto,sma_cross,"(10, 50)",long,0.159,0.04949,0.191,0.036,0.4368344369156326,False,0.42426279657852417,False
XRP,Krypto,sma_cross,"(10, 50)",long/short,-0.11,-0.06737,0.191,0.072,0.5437953125423167,False,0.42426279657852417,False
XRP,Krypto,sma_cross,"(20, 100)",long,-1.486,-0.45807,-0.393,-0.07567,0.9313604395007544,False,0.652840259306904,False
XRP,Krypto,sma_cross,"(20, 100)",long/short,-2.02,-1.21315,-0.393,-0.15133,0.9783083062323532,False,0.652840259306904,False
XRP,Krypto,sma_cross,"(50, 200)",long,-1.134,-0.33506,-0.187,-0.03587,0.8716027259961896,False,0.5741696835273642,False
XRP,Krypto,sma_cross,"(50, 200)",long/short,-1.664,-0.83654,-0.187,-0.07173,0.951943785304066,False,0.5741696835273642,False
XRP,Krypto,tsmom,20,long,0.555,0.17265,-0.108,-0.02038,0.2894473302223942,False,0.5430021538947166,False
XRP,Krypto,tsmom,20,long/short,0.404,0.25038,-0.108,-0.04076,0.34310635958814306,False,0.5430021538947166,False
XRP,Krypto,tsmom,60,long,-0.317,-0.09743,-0.452,-0.08453,0.6243781988730687,False,0.6743655087796794,False
XRP,Krypto,tsmom,60,long/short,-0.597,-0.35982,-0.452,-0.16906,0.7247463096962908,False,0.6743655087796794,False
XRP,Krypto,tsmom,120,long,-0.708,-0.21313,-0.27,-0.05101,0.76052737126012,False,0.6064198731980395,False
XRP,Krypto,tsmom,120,long/short,-1.192,-0.68183,-0.27,-0.10201,0.8833693773651046,False,0.6064198731980395,False
XRP,Krypto,tsmom,250,long,1.265,0.37146,-0.256,-0.04928,0.10293566393460174,False,0.6010245813425659,False
XRP,Krypto,tsmom,250,long/short,1.048,0.501,-0.256,-0.09857,0.14731930344087163,False,0.6010245813425659,False
XRP,Krypto,donchian,20,long,0.9,0.27375,1.396,0.25549,0.18406012534675953,False,0.08135724757480689,False
XRP,Krypto,donchian,20,long/short,0.583,0.32273,0.318,0.111,0.2799466501118786,False,0.37524246845466436,False
XRP,Krypto,donchian,55,long,0.626,0.19275,-0.398,-0.07188,0.26565747066375944,False,0.6546849071263465,False
XRP,Krypto,donchian,55,long/short,-0.219,-0.11706,-0.44,-0.13572,0.5866749761167374,False,0.6700314463394064,False
XRP,Krypto,donchian,100,long,-1.213,-0.3769,-0.778,-0.14251,0.8874350897435134,False,0.7817154933928763,False
XRP,Krypto,donchian,100,long/short,-1.788,-0.91805,-0.15,-0.04473,0.9631119960861304,False,0.5596176923702425,False
XRP,Krypto,rsi2,10,long,-0.751,-0.20328,-0.307,-0.0489,0.7736736721068145,False,0.6205783138897434,False
XRP,Krypto,rsi2,10,long/short,-0.628,-0.28834,-0.97,-0.25029,0.7349980300061544,False,0.8339767539364704,False
XRP,Krypto,rsi2,30,long,-1.083,-0.32478,-0.5,-0.09235,0.8605957884796921,False,0.691462461274013,False
XRP,Krypto,rsi2,30,long/short,-1.477,-0.85725,-0.067,-0.02171,0.9301621813614458,False,0.5267091483990727,False
XRP,Krypto,rsi14,30,long,1.09,0.27631,-0.134,-0.01744,0.1378565720320355,False,0.5532987127824534,False
XRP,Krypto,rsi14,30,long/short,0.214,0.09323,-0.532,-0.12151,0.41527352859004896,False,0.7026370022479587,False
XRP,Krypto,bollinger,1.5,long,-1.197,-0.35317,0.855,0.16521,0.884346722625385,False,0.19627557387454453,False
XRP,Krypto,bollinger,1.5,long/short,-1.413,-0.74703,-0.364,-0.12382,0.921172137949663,False,0.642070995309583,False
XRP,Krypto,bollinger,2.0,long,-0.824,-0.23375,1.006,0.18941,0.7950302210194017,False,0.1572077850312822,False
XRP,Krypto,bollinger,2.0,long/short,-1.156,-0.58606,-0.391,-0.12394,0.8761594215067375,False,0.6521013820709638,False
XRP,Krypto,bollinger,2.5,long,0.281,0.06821,0.819,0.11052,0.389355199915839,False,0.20639320679362338,False
XRP,Krypto,bollinger,2.5,long/short,-1.019,-0.45302,-0.041,-0.00983,0.8458985167363733,False,0.5163520520682414,False
XRP,Krypto,weekday,0,long,0.323,0.08122,0.685,0.09461,0.3733476210319716,False,0.246671960486342,False
XRP,Krypto,weekday,1,long,-0.874,-0.18001,-1.144,-0.13428,0.8089408731356983,False,0.8736881815003427,False
XRP,Krypto,weekday,2,long,-0.959,-0.22135,-1.558,-0.20408,0.8312206274060894,False,0.9403833759385433,False
XRP,Krypto,weekday,3,long,-1.385,-0.32386,-1.434,-0.25382,0.9169737663175367,False,0.9242138685748916,False
XRP,Krypto,weekday,4,long,-0.093,-0.01803,0.044,0.00603,0.5370482193881883,False,0.48245220193445026,False
ADA,Krypto,sma_trend,10,long,1.235,0.36515,0.007,0.0013,0.10841525206980396,False,0.4972074268432227,False
ADA,Krypto,sma_trend,10,long/short,1.322,0.77671,0.007,0.00261,0.09308407545834863,False,0.4972074268432227,False
ADA,Krypto,sma_trend,20,long,2.189,0.64544,0.421,0.08384,0.014298420009268398,False,0.33687754093090894,False
ADA,Krypto,sma_trend,20,long/short,2.367,1.37395,0.421,0.16768,0.008966466405963436,False,0.33687754093090894,False
ADA,Krypto,sma_trend,50,long,2.211,0.65102,0.126,0.0243,0.01351791852954598,False,0.4498659622877338,False
ADA,Krypto,sma_trend,50,long/short,2.19,1.24886,0.126,0.04861,0.014262118410668823,False,0.4498659622877338,False
ADA,Krypto,sma_trend,100,long,2.661,0.77982,0.371,0.07105,0.0038954478561776806,False,0.355318765855119,False
ADA,Krypto,sma_trend,100,long/short,2.585,1.42886,0.371,0.14209,0.00486894987033859,False,0.355318765855119,False
ADA,Krypto,sma_trend,200,long,2.142,0.62017,-0.356,-0.06703,0.016096741015884986,False,0.6390797174095553,False
ADA,Krypto,sma_trend,200,long/short,1.673,0.85128,-0.356,-0.13407,0.047163648019179494,False,0.6390797174095553,False
ADA,Krypto,sma_cross,"(5, 20)",long,2.367,0.6959,0.055,0.01093,0.008966466405963436,False,0.47806923189717654,False
ADA,Krypto,sma_cross,"(5, 20)",long/short,2.551,1.47487,0.055,0.02187,0.005370716290687305,False,0.47806923189717654,False
ADA,Krypto,sma_cross,"(10, 50)",long,2.82,0.82504,1.285,0.23914,0.0024011824741891896,False,0.09939614201510572,False
ADA,Krypto,sma_cross,"(10, 50)",long/short,2.827,1.59691,1.285,0.47828,0.002349316394572698,False,0.09939614201510572,False
ADA,Krypto,sma_cross,"(20, 100)",long,1.297,0.37589,0.785,0.14766,0.09731559339913032,False,0.21622678429757547,False
ADA,Krypto,sma_cross,"(20, 100)",long/short,1.148,0.621,0.785,0.29532,0.1254842819162958,False,0.21622678429757547,False
ADA,Krypto,sma_cross,"(50, 200)",long,0.766,0.21468,-0.298,-0.05996,0.22183815109251825,False,0.6171484181883146,False
ADA,Krypto,sma_cross,"(50, 200)",long/short,0.085,0.04028,-0.298,-0.11992,0.46613069535537077,False,0.6171484181883146,False
ADA,Krypto,tsmom,20,long,2.327,0.68555,-0.138,-0.02719,0.009982632624542465,False,0.5548797912262711,False
ADA,Krypto,tsmom,20,long/short,2.487,1.44113,-0.138,-0.05439,0.006441269951366069,False,0.5548797912262711,False
ADA,Krypto,tsmom,60,long,1.627,0.47025,0.734,0.14201,0.051868548895235955,False,0.23147436904173768,False
ADA,Krypto,tsmom,60,long/short,1.459,0.80296,0.734,0.28403,0.07228255384515925,False,0.23147436904173768,False
ADA,Krypto,tsmom,120,long,2.148,0.61903,1.142,0.23113,0.015856877730566765,False,0.12672700984098428,False
ADA,Krypto,tsmom,120,long/short,1.765,0.93687,1.142,0.46227,0.038781882856556704,False,0.12672700984098428,False
ADA,Krypto,tsmom,250,long,0.938,0.27426,0.532,0.10721,0.17412220505336473,False,0.29736299775204134,False
ADA,Krypto,tsmom,250,long/short,0.003,0.0015,0.532,0.21442,0.4988031749540336,False,0.29736299775204134,False
ADA,Krypto,donchian,20,long,2.074,0.60938,-0.038,-0.0072,0.019039655429961666,False,0.51515615898524,False
ADA,Krypto,donchian,20,long/short,2.419,1.2531,-0.644,-0.23174,0.007781620104997944,False,0.7402122830033208,False
ADA,Krypto,donchian,55,long,2.244,0.66079,0.65,0.11799,0.012416200671832245,False,0.2578461108058647,False
ADA,Krypto,donchian,55,long/short,2.099,1.06067,-0.29,-0.10131,0.017908450366575512,False,0.6140918811988774,False
ADA,Krypto,donchian,100,long,1.615,0.47694,0.996,0.17397,0.05315534743592287,False,0.15962507259016367,False
ADA,Krypto,donchian,100,long/short,1.052,0.52001,0.352,0.12041,0.14639977481530053,False,0.36241913123756897,False
ADA,Krypto,rsi2,10,long,-0.683,-0.17089,-0.087,-0.0145,0.752696578731207,False,0.5346642439457145,False
ADA,Krypto,rsi2,10,long/short,-0.731,-0.29836,-1.214,-0.31891,0.7676104235313579,False,0.8876261379221613,False
ADA,Krypto,rsi2,30,long,-0.892,-0.26109,-1.514,-0.29474,0.8138035338025759,False,0.9349870802548712,False
ADA,Krypto,rsi2,30,long/short,-0.789,-0.41424,-1.95,-0.64418,0.7849439967336577,False,0.9744119404783613,False
ADA,Krypto,rsi14,30,long,-0.154,-0.0352,1.355,0.25686,0.5611951322074614,False,0.08770877851448622,False
ADA,Krypto,rsi14,30,long/short,-1.504,-0.63661,0.261,0.07453,0.933709316631107,False,0.39704625362780865,False
ADA,Krypto,bollinger,1.5,long,-2.508,-0.69317,0.326,0.06611,0.9939291666425276,False,0.3722121775643983,False
ADA,Krypto,bollinger,1.5,long/short,-2.642,-1.33408,0.017,0.00571,0.9958790972064784,False,0.4932183078862524,False
ADA,Krypto,bollinger,2.0,long,-1.918,-0.49919,0.256,0.05103,0.972444494425823,False,0.39897541865743413,False
ADA,Krypto,bollinger,2.0,long/short,-2.286,-1.0715,-0.07,-0.02261,0.9888728707204055,False,0.5279031701805211,False
ADA,Krypto,bollinger,2.5,long,0.459,0.08554,-0.288,-0.04332,0.3231170830389708,False,0.6133266306664427,False
ADA,Krypto,bollinger,2.5,long/short,-1.135,-0.42018,-0.62,-0.15286,0.8718123408113025,False,0.7323711065310169,False
ADA,Krypto,weekday,0,long,-1.539,-0.30415,-1.002,-0.14277,0.9380978518775959,False,0.8418282035764547,False
ADA,Krypto,weekday,1,long,-0.621,-0.12531,-1.796,-0.22691,0.7327001884110078,False,0.9637527414848488,False
ADA,Krypto,weekday,2,long,0.197,0.04522,-0.002,-0.00026,0.4219137688911644,False,0.5007978840288801,False
ADA,Krypto,weekday,3,long,-2.608,-0.61423,-1.828,-0.25022,0.9954463522807795,False,0.9662252241768648,False
ADA,Krypto,weekday,4,long,0.425,0.08824,0.277,0.04366,0.3354183373701696,False,0.39089005307264224,False
LTC,Krypto,sma_trend,10,long,1.256,0.33271,-1.973,-0.33557,0.10455798504262237,False,0.9757522188309989,False
LTC,Krypto,sma_trend,10,long/short,1.202,0.63237,-1.973,-0.67115,0.11468176404410912,False,0.9757522188309989,False
LTC,Krypto,sma_trend,20,long,2.254,0.59533,-0.994,-0.16931,0.012098083987621688,False,0.8398885662745508,False
LTC,Krypto,sma_trend,20,long/short,2.159,1.12958,-0.994,-0.33863,0.015425083467130674,False,0.8398885662745508,False
LTC,Krypto,sma_trend,50,long,1.574,0.4182,-1.8,-0.30637,0.05774372471928613,False,0.9640696808870742,False
LTC,Krypto,sma_trend,50,long/short,1.373,0.70827,-1.8,-0.61273,0.0848761733499016,False,0.9640696808870742,False
LTC,Krypto,sma_trend,100,long,1.479,0.38858,-0.875,-0.14909,0.06957015740587447,False,0.8092130471474894,False
LTC,Krypto,sma_trend,100,long/short,1.324,0.65597,-0.875,-0.29818,0.09275152235675277,False,0.8092130471474894,False
LTC,Krypto,sma_trend,200,long,0.476,0.12533,-0.011,-0.0018,0.3170371889515293,False,0.5043882765873261,False
LTC,Krypto,sma_trend,200,long/short,-0.07,-0.03344,-0.011,-0.0036,0.5279031701805211,False,0.5043882765873261,False
LTC,Krypto,sma_cross,"(5, 20)",long,2.523,0.66459,-1.073,-0.18212,0.005817920050876113,False,0.858364441934585,False
LTC,Krypto,sma_cross,"(5, 20)",long/short,2.429,1.26811,-1.073,-0.36424,0.007570266168081874,False,0.858364441934585,False
LTC,Krypto,sma_cross,"(10, 50)",long,1.945,0.51709,-0.057,-0.00967,0.025887489154825194,False,0.5227274024286156,False
LTC,Krypto,sma_cross,"(10, 50)",long/short,1.759,0.90605,-0.057,-0.01935,0.03928875428162715,False,0.5227274024286156,False
LTC,Krypto,sma_cross,"(20, 100)",long,1.3,0.34526,0.117,0.02001,0.0968004845856103,False,0.4534300267409399,False
LTC,Krypto,sma_cross,"(20, 100)",long/short,1.173,0.56934,0.117,0.04002,0.12039790284679597,False,0.4534300267409399,False
LTC,Krypto,sma_cross,"(50, 200)",long,-0.185,-0.04923,-0.647,-0.10973,0.5733854822133744,False,0.7411840282621297,False
LTC,Krypto,sma_cross,"(50, 200)",long/short,-0.815,-0.38254,-0.647,-0.21947,0.7924638449586122,False,0.7411840282621297,False
LTC,Krypto,tsmom,20,long,1.411,0.37499,-0.791,-0.13472,0.07912230701015299,False,0.7855280042561279,False
LTC,Krypto,tsmom,20,long/short,1.363,0.71521,-0.791,-0.26944,0.08644125530593194,False,0.7855280042561279,False
LTC,Krypto,tsmom,60,long,1.204,0.32016,-0.332,-0.05659,0.1142947892726518,False,0.6300553704966316,False
LTC,Krypto,tsmom,60,long/short,0.968,0.49016,-0.332,-0.11318,0.16652218485017045,False,0.6300553704966316,False
LTC,Krypto,tsmom,120,long,1.096,0.2908,0.442,0.07536,0.13653938723707904,False,0.3292446029635332,False
LTC,Krypto,tsmom,120,long/short,0.831,0.40603,0.442,0.15072,0.20298681467885904,False,0.3292446029635332,False
LTC,Krypto,tsmom,250,long,0.581,0.15422,-1.989,-0.33552,0.2806202267741962,False,0.9766493985167306,False
LTC,Krypto,tsmom,250,long/short,-0.164,-0.07633,-1.989,-0.67103,0.565134428094503,False,0.9766493985167306,False
LTC,Krypto,donchian,20,long,0.428,0.10798,-1.451,-0.23739,0.33432556019432413,False,0.9266100698952643,False
LTC,Krypto,donchian,20,long/short,0.972,0.43971,-1.833,-0.53039,0.1655252742795167,False,0.966598714457517,False
LTC,Krypto,donchian,55,long,1.119,0.28697,-0.689,-0.11568,0.13157006951724548,False,0.7545883662172191,False
LTC,Krypto,donchian,55,long/short,0.669,0.29169,-0.172,-0.053,0.2517477389814282,False,0.5682812355008271,False
LTC,Krypto,donchian,100,long,0.441,0.11284,0.394,0.06554,0.329606498496507,False,0.3467905196174752,False
LTC,Krypto,donchian,100,long/short,0.385,0.16387,0.952,0.28139,0.35011870776527565,False,0.170548490940441,False
LTC,Krypto,rsi2,10,long,-0.247,-0.05789,1.104,0.15064,0.5975458879630962,False,0.13479656884485114,False
LTC,Krypto,rsi2,10,long/short,0.432,0.14826,1.089,0.23402,0.3328707065833968,False,0.13807694284227312,False
LTC,Krypto,rsi2,30,long,-1.021,-0.27014,0.752,0.12511,0.8463727806436054,False,0.22602552939400333,False
LTC,Krypto,rsi2,30,long/short,-0.772,-0.35082,0.754,0.22383,0.7799427862507902,False,0.22542461087227794,False
LTC,Krypto,rsi14,30,long,-0.096,-0.02282,0.627,0.08037,0.5382397137181579,False,0.26532961757908435,False
LTC,Krypto,rsi14,30,long/short,-0.464,-0.17243,0.478,0.09655,0.6786761271843074,False,0.3163251025193232,False
LTC,Krypto,bollinger,1.5,long,-1.846,-0.47314,0.954,0.15368,0.9675538972841476,False,0.17004182119025923,False
LTC,Krypto,bollinger,1.5,long/short,-1.778,-0.79534,1.054,0.293,0.9622980725560197,False,0.1459414585669222,False
LTC,Krypto,bollinger,2.0,long,-1.408,-0.3471,0.834,0.12425,0.9204344650035332,False,0.20214049192352168,False
LTC,Krypto,bollinger,2.0,long/short,-1.123,-0.46885,0.487,0.11815,0.8692812527744229,False,0.3131291654736681,False
LTC,Krypto,bollinger,2.5,long,-1.273,-0.30332,0.714,0.09128,0.8984909790712353,False,0.2376135897273044,False
LTC,Krypto,bollinger,2.5,long/short,-0.987,-0.38255,0.266,0.05402,0.8381786807009703,False,0.3951196045113149,False
LTC,Krypto,weekday,0,long,-1.344,-0.26599,-2.807,-0.3631,0.910525806548557,False,0.9974997379150621,False
LTC,Krypto,weekday,1,long,-0.775,-0.14279,-0.887,-0.09804,0.7808301702066226,False,0.8124605497583973,False
LTC,Krypto,weekday,2,long,-0.707,-0.14572,-0.66,-0.08366,0.7602167611066722,False,0.7453730853286639,False
LTC,Krypto,weekday,3,long,-2.843,-0.54587,-0.84,-0.10321,0.9977654464788794,False,0.7995458067395502,False
LTC,Krypto,weekday,4,long,1.517,0.29429,0.779,0.10603,0.06463334201599191,False,0.2179898573752519,False
TRX,Krypto,sma_trend,10,long,-0.133,-0.03904,-0.954,-0.12299,0.552903309750073,False,0.8299581788097408,False
TRX,Krypto,sma_trend,10,long/short,-0.122,-0.0711,-0.954,-0.24599,0.548550490864513,False,0.8299581788097408,False
TRX,Krypto,sma_trend,20,long,0.592,0.17319,-1.325,-0.16768,0.27692529419708367,False,0.9074144243432051,False
TRX,Krypto,sma_trend,20,long/short,0.471,0.27263,-1.325,-0.33536,0.31882036745164777,False,0.9074144243432051,False
TRX,Krypto,sma_trend,50,long,1.141,0.33237,-1.899,-0.23255,0.12693496149777317,False,0.9712177620056535,False
TRX,Krypto,sma_trend,50,long/short,1.017,0.57964,-1.899,-0.4651,0.15457671470596268,False,0.9712177620056535,False
TRX,Krypto,sma_trend,100,long,-0.148,-0.04325,-1.074,-0.12522,0.5588286158788827,False,0.8585886592247687,False
TRX,Krypto,sma_trend,100,long/short,-0.645,-0.35603,-1.074,-0.25043,0.7405364071452203,False,0.8585886592247687,False
TRX,Krypto,sma_trend,200,long,0.004,0.00118,-1.066,-0.13137,0.4984042351337684,False,0.856788179046791,False
TRX,Krypto,sma_trend,200,long/short,-0.599,-0.29778,-1.066,-0.26274,0.7254135577152196,False,0.856788179046791,False
TRX,Krypto,sma_cross,"(5, 20)",long,1.454,0.42381,-1.182,-0.14738,0.07297315309680497,False,0.8813971495709085,False
TRX,Krypto,sma_cross,"(5, 20)",long/short,1.342,0.77386,-1.182,-0.29477,0.08979799782893627,False,0.8813971495709085,False
TRX,Krypto,sma_cross,"(10, 50)",long,1.702,0.49623,-0.799,-0.09247,0.044377684133637185,False,0.787854794004625,False
TRX,Krypto,sma_cross,"(10, 50)",long/short,1.588,0.90735,-0.799,-0.18494,0.056143169561572503,False,0.787854794004625,False
TRX,Krypto,sma_cross,"(20, 100)",long,-0.041,-0.01152,-0.006,-0.00059,0.5163520520682414,False,0.5023936393205641,False
TRX,Krypto,sma_cross,"(20, 100)",long/short,-0.56,-0.29258,-0.006,-0.00118,0.712260281150973,False,0.5023936393205641,False
TRX,Krypto,sma_cross,"(50, 200)",long,-0.443,-0.12367,-0.606,-0.07405,0.6711171326469739,False,0.7277426233925945,False
TRX,Krypto,sma_cross,"(50, 200)",long/short,-1.186,-0.54748,-0.606,-0.1481,0.8821888502380139,False,0.7277426233925945,False
TRX,Krypto,tsmom,20,long,0.979,0.28556,-0.877,-0.10562,0.1637899897532603,False,0.8097566809633366,False
TRX,Krypto,tsmom,20,long/short,0.85,0.49048,-0.877,-0.21124,0.19766254312269238,False,0.8097566809633366,False
TRX,Krypto,tsmom,60,long,-0.571,-0.15981,-1.506,-0.16356,0.7160001785783152,False,0.9339664131661687,False
TRX,Krypto,tsmom,60,long/short,-0.98,-0.52696,-1.506,-0.32712,0.8364569406723077,False,0.9339664131661687,False
TRX,Krypto,tsmom,120,long,0.119,0.03437,-1.22,-0.14004,0.4526376778909539,False,0.8887675625521654,False
TRX,Krypto,tsmom,120,long/short,-0.221,-0.11849,-1.22,-0.28008,0.5874537835108861,False,0.8887675625521654,False
TRX,Krypto,tsmom,250,long,0.305,0.08826,-0.175,-0.02286,0.38018307615983493,False,0.5694601832076737,False
TRX,Krypto,tsmom,250,long/short,-0.11,-0.05336,-0.175,-0.04572,0.5437953125423167,False,0.5694601832076737,False
TRX,Krypto,donchian,20,long,-0.042,-0.01224,-1.233,-0.16924,0.5167506509407646,False,0.8912121179140838,False
TRX,Krypto,donchian,20,long/short,0.539,0.28249,-1.186,-0.26482,0.2949434272772652,False,0.8821888502380139,False
TRX,Krypto,donchian,55,long,-0.363,-0.10621,-1.31,-0.17215,0.6416975578357026,False,0.904902082204761,False
TRX,Krypto,donchian,55,long/short,-0.52,-0.25849,-1.165,-0.24295,0.6984682124530338,False,0.8779905035808507,False
TRX,Krypto,donchian,100,long,-0.129,-0.03763,-1.281,-0.16077,0.5513211755854941,False,0.899903166952223,False
TRX,Krypto,donchian,100,long/short,-0.968,-0.41866,-1.161,-0.22478,0.8334778151498295,False,0.8771790502772842,False
TRX,Krypto,rsi2,10,long,-0.146,-0.03782,0.435,0.04256,0.5580393057863879,False,0.33178121371901903,False
TRX,Krypto,rsi2,10,long/short,-0.442,-0.19286,0.626,0.13181,0.6707553970364668,False,0.26565747066375944,False
TRX,Krypto,rsi2,30,long,-1.222,-0.35378,-0.21,-0.0259,0.8891461865067063,False,0.5831661634824423,False
TRX,Krypto,rsi2,30,long/short,-1.451,-0.77042,-0.29,-0.07175,0.9266100698952643,False,0.6140918811988774,False
TRX,Krypto,rsi14,30,long,-0.596,-0.13625,0.376,0.02904,0.724412386640706,False,0.35345844800948045,False
TRX,Krypto,rsi14,30,long/short,-0.229,-0.08791,0.831,0.15532,0.5905655419372429,False,0.20298681467885904,False
TRX,Krypto,bollinger,1.5,long,-0.923,-0.2557,0.114,0.01286,0.8219963973852351,False,0.45461889672228795,False
TRX,Krypto,bollinger,1.5,long/short,-0.879,-0.44897,0.328,0.07531,0.8102993620815485,False,0.3714558313117371,False
TRX,Krypto,bollinger,2.0,long,-1.26,-0.32679,-0.354,-0.03608,0.8961653188786995,False,0.6383305583821042,False
TRX,Krypto,bollinger,2.0,long/short,-0.959,-0.44896,-0.216,-0.04641,0.8312206274060894,False,0.5855061262175559,False
TRX,Krypto,bollinger,2.5,long,-0.012,-0.00256,0.461,0.04001,0.504787192471922,False,0.3223993025512202,False
TRX,Krypto,bollinger,2.5,long/short,0.123,0.04775,0.867,0.17109,0.4510535489835632,False,0.19297100484754381,False
TRX,Krypto,weekday,0,long,-0.515,-0.10972,-3.533,-0.31103,0.6967234899978604,False,0.9997945637641817,False
TRX,Krypto,weekday,1,long,-1.29,-0.26389,-0.773,-0.11588,0.9014746709502521,False,0.7802388096800141,False
TRX,Krypto,weekday,2,long,-0.593,-0.13668,-0.769,-0.07429,0.7234094238723578,False,0.7790533447335227,False
TRX,Krypto,weekday,3,long,-1.788,-0.4074,-1.063,-0.08364,0.9631119960861304,False,0.85610902433136,False
TRX,Krypto,weekday,4,long,0.804,0.16214,-0.855,-0.07284,0.21069848750487108,False,0.8037244261254556,False
ETC,Krypto,sma_trend,10,long,0.938,0.28705,0.022,0.00428,0.17412220505336473,False,0.49122397776933835,False
ETC,Krypto,sma_trend,10,long/short,1.025,0.625,0.022,0.00855,0.1526815938331103,False,0.49122397776933835,False
ETC,Krypto,sma_trend,20,long,1.415,0.43296,-1.628,-0.31634,0.07853424801704811,False,0.9482375571148473,False
ETC,Krypto,sma_trend,20,long/short,1.467,0.88899,-1.628,-0.63269,0.07118802767375054,False,0.9482375571148473,False
ETC,Krypto,sma_trend,50,long,1.319,0.40293,-0.016,-0.00315,0.09358455623430528,False,0.5063828041522839,False
ETC,Krypto,sma_trend,50,long/short,1.379,0.82934,-0.016,-0.00629,0.08394737694929022,False,0.5063828041522839,False
ETC,Krypto,sma_trend,100,long,0.704,0.21182,0.207,0.03995,0.2407163868044414,False,0.41800492924938193,False
ETC,Krypto,sma_trend,100,long/short,0.568,0.32636,0.207,0.0799,0.28501748396884796,False,0.41800492924938193,False
ETC,Krypto,sma_trend,200,long,-0.537,-0.15443,-0.349,-0.06544,0.7043661929731524,False,0.636455345216536,False
ETC,Krypto,sma_trend,200,long/short,-1.254,-0.62549,-0.349,-0.13087,0.895078997283236,False,0.636455345216536,False
ETC,Krypto,sma_cross,"(5, 20)",long,1.292,0.39539,-1.421,-0.27583,0.09817857229559679,False,0.9223416202776257,False
ETC,Krypto,sma_cross,"(5, 20)",long/short,1.344,0.81386,-1.421,-0.55165,0.08947419345144314,False,0.9223416202776257,False
ETC,Krypto,sma_cross,"(10, 50)",long,1.698,0.50904,0.708,0.13589,0.04475388091715171,False,0.23947262873987996,False
ETC,Krypto,sma_cross,"(10, 50)",long/short,1.771,1.04215,0.708,0.27178,0.03828035086167658,False,0.23947262873987996,False
ETC,Krypto,sma_cross,"(20, 100)",long,0.682,0.19444,-0.367,-0.06873,0.24761947543107277,False,0.6431904909978405,False
ETC,Krypto,sma_cross,"(20, 100)",long/short,0.544,0.29161,-0.367,-0.13746,0.2932207364238605,False,0.6431904909978405,False
ETC,Krypto,sma_cross,"(50, 200)",long,0.769,0.22499,-1.044,-0.18829,0.22094665526647717,False,0.8517573051840429,False
ETC,Krypto,sma_cross,"(50, 200)",long/short,0.26,0.13336,-1.044,-0.37658,0.3974318867982395,False,0.8517573051840429,False
ETC,Krypto,tsmom,20,long,1.684,0.51123,0.188,0.03651,0.04609083436872585,False,0.42543832559014205,False
ETC,Krypto,tsmom,20,long/short,1.76,1.05609,0.188,0.07301,0.03920390328748269,False,0.42543832559014205,False
ETC,Krypto,tsmom,60,long,0.292,0.0829,-0.036,-0.00696,0.3851433119851587,False,0.514358820522249,False
ETC,Krypto,tsmom,60,long/short,0.235,0.12828,-0.036,-0.01391,0.407104366610367,False,0.514358820522249,False
ETC,Krypto,tsmom,120,long,1.136,0.32396,-1.616,-0.30676,0.1279782821514155,False,0.9469528434022451,False
ETC,Krypto,tsmom,120,long/short,1.034,0.55326,-1.616,-0.61352,0.1505680816167042,False,0.9469528434022451,False
ETC,Krypto,tsmom,250,long,-0.324,-0.09542,-2.542,-0.41825,0.6270309828845505,False,0.994488991324367,False
ETC,Krypto,tsmom,250,long/short,-1.119,-0.57121,-2.542,-0.8365,0.8684299304827545,False,0.994488991324367,False
ETC,Krypto,donchian,20,long,1.487,0.45889,0.416,0.07775,0.06850740547346823,False,0.3387050016078469,False
ETC,Krypto,donchian,20,long/short,1.515,0.85761,-0.48,-0.15896,0.06488620205817652,False,0.6843863034837774,False
ETC,Krypto,donchian,55,long,1.228,0.37515,0.509,0.09402,0.10972348398897769,False,0.30537611205732096,False
ETC,Krypto,donchian,55,long/short,1.042,0.49595,0.421,0.1424,0.14870583947368177,False,0.33687754093090894,False
ETC,Krypto,donchian,100,long,1.058,0.32637,-0.243,-0.0441,0.14502772120163043,False,0.5959973012743479,False
ETC,Krypto,donchian,100,long/short,1.38,0.63364,-0.56,-0.18568,0.08379332241501425,False,0.712260281150973,False
ETC,Krypto,rsi2,10,long,-0.836,-0.22306,1.626,0.25783,0.7984225484719023,False,0.05197482768029771,False
ETC,Krypto,rsi2,10,long/short,-1.252,-0.5841,0.443,0.11242,0.8947150680184147,False,0.3288828673530261,False
ETC,Krypto,rsi2,30,long,-1.817,-0.54806,0.108,0.02022,0.9653914433271329,False,0.4569978461052834,False
ETC,Krypto,rsi2,30,long/short,-1.642,-0.94067,-0.162,-0.0536,0.9497049979583998,False,0.5643470730651057,False
ETC,Krypto,rsi14,30,long,0.731,0.16717,1.429,0.22851,0.2323895764686421,False,0.07650211671801599,False
ETC,Krypto,rsi14,30,long/short,-0.393,-0.17373,0.7,0.17771,0.652840259306904,False,0.24196365222307303,False
ETC,Krypto,bollinger,1.5,long,-1.561,-0.45743,1.018,0.19021,0.9407381245658124,False,0.15433897803841312,False
ETC,Krypto,bollinger,1.5,long/short,-1.429,-0.80176,0.543,0.18127,0.923497883281984,False,0.29356490121663137,False
ETC,Krypto,bollinger,2.0,long,-1.155,-0.30282,0.926,0.15988,0.8759547867665497,False,0.17722299012489984,False
ETC,Krypto,bollinger,2.0,long/short,-1.253,-0.6294,-0.016,-0.00467,0.8948971466516432,False,0.5063828041522839,False
ETC,Krypto,bollinger,2.5,long,-0.319,-0.07661,1.792,0.2622,0.6251367436090007,False,0.03656648300520304,False
ETC,Krypto,bollinger,2.5,long/short,-0.983,-0.45403,-0.031,-0.0081,0.8371962806718379,False,0.5123652301630337,False
ETC,Krypto,weekday,0,long,-1.247,-0.27784,-0.498,-0.07168,0.893801251214651,False,0.6907579789075456,False
ETC,Krypto,weekday,1,long,-0.795,-0.17152,-2.096,-0.25847,0.7866932489242013,False,0.9819589045276316,False
ETC,Krypto,weekday,2,long,0.012,0.00279,0.483,0.07553,0.49521280752807784,False,0.31454786811065005,False
ETC,Krypto,weekday,3,long,-1.537,-0.37972,-1.329,-0.18603,0.9378533453139062,False,0.9080760150613352,False
ETC,Krypto,weekday,4,long,0.23,0.04783,1.138,0.16949,0.4090458848579941,False,0.12756024116759646,False
